,MedicationName
0,doxycycline
1,spironolactone
2,minocycline
3,accutane
4,clindamycin
5,aldactone
6,tretinoin
7,isotretinoin
8,bactrim
9,retin-a
10,aczone
11,benzoyl peroxide
12,differin
13,epiduo
14,adapalene
15,cephalexin
16,doryx
17,tetracycline
18,septra
19,solodyn
20,tazorac
21,vibramycin
22,acticlate
23,benzoyl peroxide / clindamycin
24,doxy 100
25,keflex
26,sulfamethoxazole / trimethoprim
27,benzaclin
28,monodox
29,targadox
30,adoxa
31,adoxa ck
32,adoxa pak
33,adoxa tt
34,avidoxy
35,bactrim ds
36,cleocin t
37,clindagel
38,doryx mpc
39,erythromycin
40,morgidox
41,oraxyl
42,claravis
43,clinda-derm
44,evoclin
45,minocin
46,yaz
47,adapalene / benzoyl peroxide
48,clindacin etz
49,clindacin p
50,clindacin pac
51,clindareach pledget
52,clindets
53,milk of magnesia
54,septra ds
55,yasmin
56,ziana
57,absorica
58,acanya
59,amnesteem
60,azelaic acid
61,co-trimoxazole
62,dapsone
63,duac
64,emcin clear
65,epiduo forte
66,erygel
67,ery pads
68,myorisan
69,onexton
70,phillips' milk of magnesia
71,salicylic acid
72,spotex
73,theramycin z
74,absorica ld
75,achromycin v
76,acne treatment
77,acnex
78,ala-tet
79,amzeeq
80,atralin
81,avita
82,azelex
83,benzamycin
84,benzoyl peroxide / erythromycin
85,benzoyl peroxide / sulfur
86,beyaz
87,brodspec
88,cleeravue-m
89,clindamycin / tretinoin
90,drospirenone / ethinyl estradiol
91,dynacin
92,estarylla
93,ethinyl estradiol / norgestimate
94,gianvi
95,loryna
96,magnesium hydroxide
97,minocycline
98,minolira
99,ocella
100,panoxyl
101,panoxyl 10% acne foaming wash
102,seysara
103,sotret
104,sulfacetamide sodium/sulfur
105,tazarotene
106,tri-previfem
107,tri-sprintec
108,veltin
109,ximino
110,zenatane
111,acetoxyl
112,acne-10
113,acne-clear
114,acnevir
115,acnomel
116,acnomel acne mask
117,acnomel bp 5
118,aklief
119,aktipak
120,akurza
121,aliclen
122,alquam-x acne therapy gel
123,altabax
124,altreno
125,arazlo
126,avar
127,avar-e
128,avar-e green
129,avar-e ls
130,avar cleanser
131,avar ls
132,avar ls cleanser
133,benzac
134,benzac ac
135,benzac ac wash
136,benzac w
137,benzagel
138,benzagel wash
139,benzamycin pak
140,benzashave
141,benzefoam ultra
142,benzepro
143,benziq
144,benzoyl peroxide / hydrocortisone
145,benzoyl peroxide / salicylic acid
146,benzoyl peroxide / tretinoin
147,binora
148,bp 10-wash
149,bpo 6 foaming cloths
150,bpo gel
151,bp wash
152,brevoxyl
153,brevoxyl acne wash kit
154,cerave sa renewing
155,clarifoam ef
156,clascoterone
157,cleanse & treat
158,cleanse & treat plus
159,clearskin
160,compound w
161,dermalzone
162,dhs salicylic acid 3%
163,drospirenone / ethinyl estradiol / levomefolate calcium
164,dulcolax milk of magnesia
165,durasal
166,enzoclear foam
167,ethinyl estradiol / norethindrone
168,ex-lax milk of magnesia
169,fabior
170,fostex
171,fostex medicated
172,fostex medicated cleansing cream
173,fostex wash 10%
174,hydrisalic
175,inova
176,inova 4/1
177,inova 8/2
178,jasmiel
179,liquimat light
180,liquimat medium
181,lo-zumandimine
182,meted
183,mono-linyah
184,neuac
185,neutrogena clear pore cleanser/mask
186,neutrogena rapid clear stubborn acne
187,nikki
188,oscion
189,oxy-10
190,oxy daily wash
191,p & s
192,panoxyl 4% acne creamy wash
193,pernox
194,persa-gel
195,plexion
196,propa ph acne med cleansing
197,r a acne
198,resinol
199,resorcinol / sulfur
200,resorcinol
201,retapamulin
202,riax
203,sal-plant gel
204,salactic film
205,salex
206,salicylic acid/sulfur
207,salvax
208,sarecycline
209,sastid
210,scalpicin scalp relief
211,sebulex
212,soluclenz rx
213,sss 10-4
214,sss 10-5
215,sss cleanser
216,stri-dex
217,stridex body focus
218,stridex maximum strength
219,sulfacleanse 8/4
220,sulfoam
221,sulfur
222,sulpho-lac soap
223,sumadan
224,sumaxin
225,suphera
226,syeda
227,tinamed plantar
228,tri-estarylla
229,tri-linyah
230,tri-lo-marzia
231,trifarotene
232,twyneo
233,vanoxide-hc
234,winlevi
235,z-clinz 10
236,zarah
237,zumandimine
238,vyvanse
239,adderall
240,adderall xr
241,concerta
242,lisdexamfetamine
243,daytrana
244,quillivant xr
245,amantadine
246,cotempla xr-odt
247,jornay pm
248,methylphenidate
249,quillichew er
250,azstarys
251,qelbree
252,strattera
253,dexedrine
254,amphetamine / dextroamphetamine
255,ritalin
256,dextroamphetamine
257,bupropion
258,clonidine
259,intuniv
260,desoxyn
261,guanfacine
262,focalin
263,atomoxetine
264,focalin xr
265,amphetamine
266,ritalin la
267,kapvay
268,methylin
269,dexmethylphenidate
270,methamphetamine
271,modafinil
272,metadate cd
273,methylin er
274,omega-3 polyunsaturated fatty acids
275,procentra
276,selegiline
277,zenzedi
278,adhansia xr
279,aptensio xr
280,armodafinil
281,desvenlafaxine
282,evekeo
283,mydayis
284,relexxii
285,adzenys er
286,adzenys xr-odt
287,desipramine
288,dyanavel xr
289,evekeo odt
290,imipramine
291,dexmethylphenidate / serdexmethylphenidate
292,viloxazine
293,truvada
294,biktarvy
295,triumeq
296,genvoya
297,stribild
298,atripla
299,descovy
300,norvir
301,isentress
302,dovato
303,tivicay
304,abacavir / dolutegravir / lamivudine
305,prezista
306,bictegravir / emtricitabine / tenofovir alafenamide
307,cobicistat / elvitegravir / emtricitabine / tenofovir
308,cabenuva
309,dolutegravir / lamivudine
310,emtricitabine / tenofovir alafenamide
311,complera
312,reyataz
313,epzicom
314,ritonavir
315,lamivudine
316,tenofovir
317,viread
318,dolutegravir
319,kaletra
320,epivir
321,intelence
322,sustiva
323,abacavir
324,efavirenz / emtricitabine / tenofovir
325,emtricitabine / tenofovir
326,darunavir
327,efavirenz
328,odefsey
329,raltegravir
330,abacavir / lamivudine
331,prezcobix
332,viramune
333,combivir
334,ziagen
335,zidovudine
336,atazanavir
337,emtricitabine
338,emtriva
339,edurant
340,lexiva
341,nevirapine
342,retrovir
343,selzentry
344,juluca
345,symtuza
346,trizivir
347,epivir-hbv
348,etravirine
349,isentress hd
350,lamivudine / tenofovir
351,lopinavir / ritonavir
352,maraviroc
353,tivicay pd
354,viramune xr
355,accesspak for hiv pep basic
356,delstrigo
357,efavirenz / lamivudine / tenofovir
358,emtricitabine / rilpivirine / tenofovir
359,evotaz
360,fuzeon
361,lamivudine / zidovudine
362,pifeltro
363,viracept
364,abacavir / lamivudine / zidovudine
365,aptivus
366,cimduo
367,cobicistat / darunavir
368,cobicistat / elvitegravir / emtricitabine / tenofovir alafenamide
369,cobicistat
370,doravirine
371,elvitegravir
372,enfuvirtide
373,ibalizumab
374,immune globulin intravenous
375,invirase
376,nelfinavir
377,rilpivirine
378,rukobia
379,saquinavir
380,symfi
381,symfi lo
382,temixys
383,trogarzo
384,tybost
385,accesspak for hiv pep expanded with kaletra
386,accesspak for hiv pep expanded with viracept
387,atazanavir / cobicistat
388,cabotegravir / rilpivirine
389,cabotegravir
390,cobicistat / darunavir / emtricitabine / tenofovir alafenamide
391,dolutegravir / rilpivirine
392,doravirine / lamivudine / tenofovir
393,emtricitabine / lopinavir / ritonavir / tenofovir
394,emtricitabine / nelfinavir / tenofovir
395,emtricitabine / rilpivirine / tenofovir alafenamide
396,fosamprenavir
397,fostemsavir
398,lamivudine / nevirapine / zidovudine
399,tipranavir
400,triumeq pd
401,vocabria
402,hydroxyzine
403,levocetirizine
404,loratadine
405,xyzal
406,doxylamine
407,corticotropin
408,acthar
409,chlorpheniramine / ibuprofen / phenylephrine
410,dexbrompheniramine
411,ala-hist ir
412,dexbrompheniramine / phenylephrine
413,equaline sleep aid
414,equate sleep aid
415,h.p. acthar gel
416,aricept
417,donepezil
418,namenda
419,memantine
420,etanercept
421,exelon
422,galantamine
423,namenda xr
424,rivastigmine
425,aricept odt
426,namzaric
427,vitamin e
428,donepezil / memantine
429,razadyne
430,razadyne er
431,adlarity
432,hydergine
433,alpha e
434,ergoloid mesylates
435,aduhelm
436,aqua gem-e
437,aquasol e
438,e-400 clear
439,e-600
440,e-gems
441,e pherol
442,aducanumab
443,aspirin
444,nitroglycerin
445,ranexa
446,metoprolol
447,isosorbide mononitrate
448,amlodipine
449,nitrostat
450,ranolazine
451,enoxaparin
452,isosorbide dinitrate
453,atenolol
454,carvedilol
455,norvasc
456,lopressor
457,bayer aspirin
458,coreg
459,toprol-xl
460,amlodipine / atorvastatin
461,ecotrin
462,propranolol
463,easprin
464,nitrolingual pumpspray
465,verapamil
466,bayer aspirin regimen
467,caduet
468,aspir-low
469,katerzia
470,lovenox
471,norliqva
472,arthritis pain
473,ascriptin
474,aspergum
475,aspiritab
476,aspirtab
477,bayer aspirin extra strength plus
478,ecpirin
479,entercote
480,genacote
481,halfprin
482,nitro-dur
483,norwich aspirin
484,tenormin
485,vazalore
486,coreg cr
487,corgard
488,heparin
489,inderal la
490,kapspargo sprinkle
491,nitro-bid
492,fragmin
493,nadolol
494,nitro td patch-a
495,amyl nitrite
496,angiomax
497,bivalirudin
498,calan sr
499,dalteparin
500,dilatrate-sr
501,eptifibatide
502,gonitro
503,integrilin
504,isochron
505,isoditrate
506,isordil titradose
507,minitran
508,nitro-time
509,nitromist
510,timolol
511,verelan
512,verelan pm
513,aspruzyo sprinkle
514,xanax
515,clonazepam
516,alprazolam
517,lorazepam
518,buspirone
519,diazepam
520,ativan
521,hydroxyzine
522,lexapro
523,buspar
524,escitalopram
525,valium
526,gabapentin
527,propranolol
528,cymbalta
529,bupropion
530,effexor xr
531,trazodone
532,duloxetine
533,paxil
534,clonidine
535,venlafaxine
536,mirtazapine
537,paroxetine
538,alprazolam intensol
539,lamotrigine
540,tramadol
541,atenolol
542,risperidone
543,tenormin
544,tranxene
545,lorazepam intensol
546,clorazepate
547,doxepin
548,oxazepam
549,paxil cr
550,amitriptyline / perphenazine
551,chlordiazepoxide
552,desvenlafaxine
553,diazepam intensol
554,loreev xr
555,oxcarbazepine
556,pexeva
557,phenytoin
558,prochlorperazine
559,amitriptyline / chlordiazepoxide
560,compro
561,corgard
562,meprobamate
563,nadolol
564,nefazodone
565,tranxene t-tab
566,trifluoperazine
567,vilazodone
568,singulair
569,montelukast
570,prednisone
571,trelegy ellipta
572,fasenra
573,nucala
574,benralizumab
575,fluticasone / umeclidinium / vilanterol
576,mepolizumab
577,tezepelumab
578,tezspire
579,dulera
580,atrovent
581,breo ellipta
582,ipratropium
583,methylprednisolone
584,atrovent hfa
585,dexamethasone
586,alvesco
587,levalbuterol
588,ipratropium inhalation solution
589,rayos
590,fluticasone / vilanterol
591,formoterol / mometasone
592,medrol
593,methylprednisolone dose pack
594,triamcinolone
595,dexamethasone intensol
596,kenalog-40
597,medrol dosepak
598,depo-medrol
599,solu-medrol
600,xopenex
601,xopenex hfa
602,caffeine
603,ciclesonide
604,de-sone la
605,dxevo
606,dyphylline / guaifenesin
607,ipratropium inhalation aerosol
608,cinqair
609,reslizumab
610,salbutamol
611,xopenex concentrate
612,difil-g forte
613,lamictal
614,lamotrigine
615,latuda
616,seroquel
617,abilify
618,topiramate
619,vraylar
620,lithium
621,lurasidone
622,abilify maintena
623,cariprazine
624,caplyta
625,lumateperone
626,lybalvi
627,quetiapine
628,depakote
629,gabapentin
630,bupropion
631,clonazepam
632,seroquel xr
633,divalproex sodium
634,risperdal
635,geodon
636,oxcarbazepine
637,sertraline
638,zyprexa
639,risperidone
640,aripiprazole
641,depakote er
642,olanzapine
643,saphris
644,venlafaxine
645,citalopram
646,carbamazepine
647,duloxetine
648,escitalopram
649,ziprasidone
650,clonidine
651,symbyax
652,valproic acid
653,armodafinil
654,fluoxetine / olanzapine
655,lamictal odt
656,levetiracetam
657,lithobid
658,zyprexa zydis
659,asenapine
660,desvenlafaxine
661,equetro
662,iloperidone
663,lamictal cd
664,paliperidone
665,perphenazine
666,risperdal consta
667,tiagabine
668,verapamil
669,abilify mycite
670,depakote sprinkles
671,zyprexa intramuscular
672,olanzapine / samidorphan
673,mucinex
674,azithromycin
675,azithromycin dose pack
676,doxycycline
677,amoxicillin
678,guaifenesin
679,levofloxacin
680,augmentin
681,levaquin
682,zithromax
683,amoxicillin / clavulanate
684,clarithromycin
685,cefdinir
686,ciprofloxacin
687,amoxil
688,cefuroxime
689,avelox
690,cipro
691,bactrim
692,erythromycin
693,sulfamethoxazole / trimethoprim
694,bactrim ds
695,ceftin
696,ceftriaxone
697,apo-amoxi
698,beclomethasone
699,doxy 100
700,moxifloxacin
701,cefixime
702,mucinex maximum strength
703,vibramycin
704,cipro i.v.
705,cipro xr
706,doryx
707,doryx mpc
708,monodox
709,morgidox
710,oraxyl
711,robafen
712,septra ds
713,augmentin xr
714,biaxin xl
715,cefpodoxime
716,cefprozil
717,ery-tab
718,guaifenex g
719,septra
720,suprax
721,tetracycline
722,achromycin v
723,ala-tet
724,altarussin
725,amibid la
726,amoclan
727,ampicillin
728,balminil expectorant
729,benylin e
730,bidex-400
731,brodspec
732,cefzil
733,co-trimoxazole
734,dicloxacillin
735,drituss g
736,e.e.s. granules
737,eryc
738,eryped
739,erythrocin
740,erythrocin lactobionate
741,fenesin ir
742,floxin
743,gemifloxacin
744,guaifenex la
745,guiatuss
746,hytuss
747,mucinex for kids
748,ofloxacin
749,pce dispertab
750,scot-tussin expectorant
751,sulfatrim pediatric
752,tussin expectorant
753,xpect
754,zinacef
755,avelox i.v.
756,cefaclor
757,cilastatin / imipenem
758,difil-g forte
759,dycill
760,dynapen
761,dyphylline / guaifenesin
762,factive
763,primaxin iv
764,carboplatin
765,leukeran
766,chlorambucil
767,fluorouracil
768,doxorubicin
769,etoposide
770,cyclophosphamide
771,vincristine
772,cosmegen
773,etopophos
774,ifex
775,toposar
776,vinblastine
777,hycamtin
778,ifosfamide
779,dactinomycin
780,fludarabine
781,tepadina
782,thiotepa
783,topotecan
784,atorvastatin
785,simvastatin
786,lipitor
787,zetia
788,ezetimibe
789,crestor
790,repatha
791,alirocumab
792,evolocumab
793,praluent
794,rosuvastatin
795,pravastatin
796,lovastatin
797,zocor
798,gemfibrozil
799,vytorin
800,livalo
801,niacin
802,altocor
803,niaspan
804,welchol
805,altoprev
806,ezetimibe / simvastatin
807,fenofibric acid
808,slo-niacin
809,colesevelam
810,ezallor
811,flolipid
812,lopid
813,pitavastatin
814,amlodipine / atorvastatin
815,atorvastatin / ezetimibe
816,fluvastatin
817,lescol xl
818,mycophenolate mofetil
819,niacor
820,trilipix
821,caduet
822,ezetimibe / rosuvastatin
823,fibricor
824,inclisiran
825,juxtapid
826,leqvio
827,lomitapide
828,lypqozet
829,roszet
830,zypitamag
831,benadryl
832,diphenhydramine
833,vicks nyquil d cold and flu nighttime relief
834,vicks nyquil cold & flu nighttime relief
835,chlorpheniramine
836,coricidin hbp cold & flu
837,vicks dayquil severe cold & flu
838,benadryl allergy
839,vicks dayquil cold & flu relief
840,vicks nyquil severe cold & flu
841,promethazine dm
842,tylenol cold & flu severe
843,vicks vaporub
844,coricidin hbp maximum strength flu
845,theraflu nighttime severe cold & cough
846,acetaminophen / chlorpheniramine / phenylephrine
847,sudafed pe cold & cough
848,banophen
849,benadryl allergy plus cold
850,pseudoephedrine / triprolidine
851,tussionex pennkinetic
852,chlor-trimeton
853,diphedryl
854,diphen
855,complete allergy relief
856,tylenol cold
857,allermax
858,bronkaid
859,dicopanol
860,dytuss
861,mucinex fast-max night time cold & flu
862,scot-tussin allergy
863,siladryl allergy
864,sudafed pe sinus & allergy
865,twilite
866,tylenol cold multi-symptom severe
867,valu-dryl
868,vanamine pd
869,virtussin dac
870,benadryl allergy plus sinus headache
871,primatene
872,acetaminophen / dextromethorphan / doxylamine / pseudoephedrine
873,acetaminophen / dextromethorphan / guaifenesin / phenylephrine
874,acetaminophen / dextromethorphan / phenylephrine
875,aller-chlor
876,allergy relief
877,brompheniramine
878,mucinex fast-max severe cold
879,mucinex fast-max severe congestion & cold
880,sudafed pe pressure+pain+cold
881,sudafed pe severe cold
882,tylenol cold max day
883,vicks nyquil cold & flu nighttime relief (alcohol free)
884,wal-finate
885,acetaminophen / chlorpheniramine / dextromethorphan / pseudoephedrine
886,acetaminophen / chlorpheniramine
887,actifed cold and allergy
888,advil allergy sinus
889,alka-seltzer plus cold formula sparkling original effervescent tablets
890,aprodine
891,aspirin / chlorpheniramine / phenylephrine
892,c.p.m.
893,camphor / eucalyptus / menthol
894,cheratussin dac
895,chlo-amine
896,chlor-mal
897,chlorpheniramine / hydrocodone
898,chlorpheniramine / phenylephrine
899,chlortan
900,codeine / guaifenesin / pseudoephedrine
901,coricidin hbp nighttime multi-symptom cold
902,dextromethorphan / promethazine
903,diphenhydramine / phenylephrine
904,drixoral cold and allergy
905,ed-chlortan
906,ed a-hist
907,ed chlorped
908,ed chlor ped jr.
909,ephedrine / guaifenesin
910,robitussin peak cold nighttime nasal relief
911,theraflu daytime severe cold & cough
912,tussicaps
913,tylenol cold multi-symptom nighttime
914,a-phedrin
915,acetaminophen / chlorpheniramine / dextromethorphan / phenylephrine
916,acetaminophen / dextromethorphan / doxylamine / phenylephrine
917,acetaminophen / dextromethorphan / doxylamine
918,acetaminophen / dextromethorphan / guaifenesin / pseudoephedrine
919,acetaminophen / dextromethorphan / pseudoephedrine
920,acetaminophen / diphenhydramine / phenylephrine
921,acetaminophen / pheniramine / phenylephrine
922,advil congestion relief
923,advil sinus congestion & pain
924,ala-hist pe
925,alka-seltzer plus-d multi-symptom sinus & cold liquid gels
926,allergy multi-symptom
927,biotussin dac
928,bromatan plus
929,bromax
930,camphor
931,capron dm
932,children's triacting night time
933,childrens tylenol cold plus cough
934,chlo hist
935,chlophedianol / pyrilamine
936,chlorpheniramine / ibuprofen / pseudoephedrine
937,chlorpheniramine / phenylephrine / pyrilamine
938,cold multi-symptom (nighttime)
939,comtrex cold and cough maximum strength
940,comtrex cold and flu maximum strength tablet
941,contac cold + flu (night formula)
942,delsym cough+ cold day time
943,delsym cough+ cold night time
944,deltuss dmx
945,dexbrompheniramine / pseudoephedrine
946,dextromethorphan / phenylephrine / pyrilamine
947,dextromethorphan / phenylephrine / triprolidine
948,diabetic tussin night time formula
949,dologen
950,doxylamine / phenylephrine
951,dristan cold multi symptom formula
952,flutabs
953,ibuprofen / phenylephrine
954,"mucinex children's cold, cough & sore throat"
955,ninjacof
956,norel ad
957,phenylephrine / promethazine
958,poly-tussin ac
959,poly hist forte
960,robitussin peak cold nighttime cold + flu
961,ru-hist forte
962,sinus & allergy pe
963,sudafed pe head congestion + pain
964,sudafed pe pressure+pain+cough
965,theraflu flu & sore throat
966,theraflu nighttime severe cold & cough caplets
967,theraflu sinus & cold
968,theraflu warming relief daytime severe cold & cough
969,theraflu warming relief nighttime severe cold & cough
970,triaminic multi-symptom fever
971,tylenol children’s cold + cough + runny nose
972,tylenol children’s cold + flu
973,tylenol cold & cough nighttime
974,tylenol cold multi-symptom nighttime liquid
975,tylenol plus children's cold
976,tylenol sinus congestion & pain nighttime
977,vicks vaposteam
978,abatuss dmx
979,acetaminophen / caffeine
980,acetaminophen / chlorpheniramine / dextromethorphan / guaifenesin
981,acetaminophen / chlorpheniramine / dextromethorphan
982,acetaminophen / dexbrompheniramine
983,acetaminophen / dextromethorphan / diphenhydramine
984,acetaminophen / dextromethorphan / triprolidine
985,acetaminophen / dextromethorphan
986,advil children's allergy sinus
987,alahist d
988,allan tannate pediatric
989,allerest pe
990,allerfrim
991,ambifed cd
992,aphedrid
993,avedana medicated chest rub
994,benadryl allergy plus congestion
995,bp allergy jr
996,brompheniramine / codeine / phenylephrine
997,c-tanna 12
998,camphor / menthol
999,capron dmt
1000,carbetapentane / chlorpheniramine
1001,children's triacting
1002,chlophedianol / dexbrompheniramine
1003,chlophedianol / dexchlorpheniramine / pseudoephedrine
1004,chlorcyclizine / phenylephrine
1005,chlorex-a 12
1006,chlorex a
1007,chlorpheniramine / codeine / pseudoephedrine
1008,chlorpheniramine / codeine
1009,chlorpheniramine / phenylephrine / phenyltoloxamine
1010,chlortan d
1011,clear cough pm multi-symptom
1012,codar ar
1013,codeine / phenylephrine / triprolidine
1014,codimal dm
1015,coditussin dac
1016,comtrex cold & cough
1017,comtrex nighttime cold & cough
1018,comtrex severe cold & sinus
1019,conal
1020,conex
1021,contac cold + flu (night) cooling relief liquid
1022,dallergy
1023,dallergy drops
1024,decorel forte plus
1025,delsym cough & sore throat
1026,delsym night time multi-symptom
1027,dexbrompheniramine / phenylephrine
1028,dexchlorpheniramine / dextromethorphan / pseudoephedrine
1029,dextromethorphan / diphenhydramine / phenylephrine
1030,dextromethorphan / pyrilamine
1031,dixaphedrine
1032,duraflu
1033,dytan-d
1034,dytan-dm
1035,ed chlorped d
1036,excedrin quick tab
1037,excedrin tension headache
1038,fast freeze
1039,flu & severe cold & cough daytime powder
1040,freeze it
1041,gnp cold relief plus
1042,guaifen dac
1043,histafed
1044,histex-ac
1045,histex-dm
1046,histex-pe
1047,lortuss ex
1048,m-end pe
1049,medicidin-d
1050,mucinex nightshift cold & flu
1051,nalex-a
1052,nalex a 12
1053,nohist lq
1054,novahistine
1055,onset forte
1056,panatuss ped
1057,phena-plus
1058,phenagil
1059,pheniramine / phenylephrine
1060,phenylephrine / triprolidine
1061,robitussin peak cold daytime cold + flu
1062,sutan-dm
1063,tannic-12 s
1064,theracaps multi-symptom cough & cold reliever
1065,triaminic softchews cough & sore throat
1066,tricode gf
1067,tusnel c
1068,tuzistra xr
1069,tylenol allergy multi-symptom
1070,tylenol children’s cold + cough + sore throat
1071,tylenol cough & sore throat nightime
1072,tylenol cough and sore throat daytime
1073,vanacof
1074,vi-sudo
1075,vicks formula 44 custom care cough & cold pm
1076,zodryl dac
1077,docusate
1078,miralax
1079,colace
1080,dulcolax
1081,bisacodyl
1082,polyethylene glycol 3350
1083,dulcolax stool softener
1084,milk of magnesia
1085,magnesium oxide
1086,magnesium citrate
1087,metamucil
1088,citrucel
1089,doc-q-lace
1090,fibercon
1091,phillips' milk of magnesia
1092,dok
1093,fleet enema
1094,glycolax
1095,psyllium
1096,magnesium hydroxide
1097,surfak
1098,enemeez mini
1099,bisa-lax
1100,clearlax
1101,colace micro-enema
1102,correctol
1103,diocto
1104,fleet bisacodyl
1105,phillips' cramp-free
1106,citrate of magnesia
1107,gavilax
1108,gialax
1109,mag-oxide
1110,peg3350
1111,purelax
1112,sunmark clearlax
1113,uro-mag
1114,citroma
1115,glycerin
1116,hydrocil
1117,konsyl
1118,methylcellulose
1119,reguloid
1120,sodium biphosphate / sodium phosphate
1121,disposable enema
1122,dulcolax milk of magnesia
1123,equalactin
1124,ex-lax milk of magnesia
1125,fiber lax
1126,fiber laxative
1127,fleet glycerin suppositories adult
1128,fleet phospho soda
1129,mineral oil
1130,natural fiber therapy
1131,osmoprep
1132,pedia-lax chewable tablets
1133,pedia-lax liquid glycerin suppositories
1134,polycarbophil
1135,sani-supp
1136,sorbitol
1137,benzocaine / docusate
1138,castor oil
1139,fibertab
1140,fleet glycerin suppositories pediatric
1141,potassium phosphate
1142,symbicort
1143,trelegy ellipta
1144,prednisone
1145,montelukast
1146,breztri aerosphere
1147,fluticasone / umeclidinium / vilanterol
1148,anoro ellipta
1149,breo ellipta
1150,daliresp
1151,budesonide / formoterol
1152,tudorza pressair
1153,incruse ellipta
1154,stiolto respimat
1155,rayos
1156,aclidinium
1157,fluticasone / vilanterol
1158,levalbuterol
1159,roflumilast
1160,umeclidinium / vilanterol
1161,bevespi aerosphere
1162,xopenex
1163,olodaterol / tiotropium
1164,striverdi respimat
1165,xopenex hfa
1166,olodaterol
1167,revefenacin
1168,umeclidinium
1169,xopenex concentrate
1170,yupelri
1171,aclidinium / formoterol
1172,breyna
1173,budesonide / formoterol / glycopyrrolate
1174,duaklir pressair
1175,formoterol / glycopyrrolate
1176,ivermectin
1177,remdesivir
1178,pfizer-biontech covid-19 vaccine
1179,paxlovid
1180,actemra
1181,tocilizumab
1182,anakinra
1183,kineret
1184,moderna covid-19 vaccine
1185,olumiant
1186,veklury
1187,molnupiravir
1188,regen-cov
1189,sotrovimab
1190,bamlanivimab / etesevimab
1191,lagevrio
1192,"sars-cov-2 (covid-19) ad26 vaccine, recombinant"
1193,sars-cov-2 mrna (tozinameran) vaccine
1194,bamlanivimab and etesevimab
1195,baricitinib
1196,bebtelovimab
1197,comirnaty
1198,nirmatrelvir / ritonavir
1199,sars-cov-2 (covid-19) mrna-1273 vaccine
1200,pfizer-biontech covid-19 (5y-11y) bivalent booster vaccine pf
1201,pfizer-biontech covid-19 (12y+) bivalent booster vaccine pf
1202,sars-cov-2 (covid-19) mrna (tozinameran 5y-11y) bivalent booster vaccine
1203,sars-cov-2 (covid-19) mrna (tozinameran 12y+) bivalent booster vaccine
1204,sars-cov-2 (covid-19) mrna-1273 (bivalent booster) vaccine
1205,"sars-cov-2 (covid-19) nvx-cov2373 vaccine, recombinant"
1206,sars-cov-2 mrna (tozinameran 6m-4y) vaccine
1207,sars-cov-2 mrna-1273 (6m-5y) vaccine
1208,sars-cov-2 mrna-1273 (booster only) vaccine
1209,spikevax
1210,bupropion
1211,cymbalta
1212,sertraline
1213,zoloft
1214,lexapro
1215,citalopram
1216,prozac
1217,fluoxetine
1218,wellbutrin xl
1219,celexa
1220,escitalopram
1221,venlafaxine
1222,trintellix
1223,abilify
1224,duloxetine
1225,effexor xr
1226,rexulti
1227,vortioxetine
1228,brexpiprazole
1229,lisdexamfetamine
1230,trazodone
1231,mirtazapine
1232,pristiq
1233,effexor
1234,paxil
1235,paroxetine
1236,remeron
1237,wellbutrin sr
1238,amitriptyline
1239,viibryd
1240,alprazolam
1241,lamotrigine
1242,tramadol
1243,seroquel xr
1244,aripiprazole
1245,quetiapine
1246,deplin
1247,nortriptyline
1248,zyprexa
1249,desyrel
1250,forfivo xl
1251,budeprion sr
1252,desvenlafaxine
1253,methylphenidate
1254,aplenzin
1255,desyrel dividose
1256,doxepin
1257,fetzima
1258,lithium
1259,olanzapine
1260,risperidone
1261,desipramine
1262,irenka
1263,modafinil
1264,nefazodone
1265,fluvoxamine
1266,imipramine
1267,l-methylfolate
1268,methylin er
1269,niacin
1270,parnate
1271,paxil cr
1272,remeron soltab
1273,symbyax
1274,abilify mycite
1275,amitriptyline / chlordiazepoxide
1276,amoxapine
1277,aventyl hydrochloride
1278,clomipramine
1279,emsam
1280,fluoxetine / olanzapine
1281,ketamine
1282,nardil
1283,norpramin
1284,pamelor
1285,pexeva
1286,phenelzine
1287,tranylcypromine
1288,vilazodone
1289,zyprexa zydis
1290,amitriptyline / perphenazine
1291,armodafinil
1292,atomoxetine
1293,isocarboxazid
1294,levomilnacipran
1295,marplan
1296,paliperidone
1297,selegiline
1298,tofranil
1299,trimipramine
1300,vivactil
1301,xaquil xr
1302,esketamine
1303,l-methylfolate forte
1304,protriptyline
1305,spravato
1306,surmontil
1307,thyroid desiccated
1308,humalog
1309,lantus
1310,novolog
1311,insulin lispro
1312,insulin aspart
1313,lantus solostar
1314,lyumjev
1315,insulin detemir
1316,levemir
1317,insulin aspart/insulin aspart protamine
1318,humalog kwikpen
1319,novolog flexpen
1320,apidra
1321,insulin glargine
1322,basaglar
1323,tresiba
1324,toujeo solostar
1325,humulin n
1326,humulin r
1327,afrezza
1328,novolin r
1329,symlin
1330,humulin 70/30
1331,insulin regular
1332,novolin n
1333,admelog
1334,fiasp
1335,novolin 70/30
1336,humalog mix 75/25
1337,insulin glulisine
1338,rezvoglar
1339,semglee
1340,toujeo max solostar
1341,humulin r u-500 (concentrated)
1342,novolog mix 70/30
1343,novolog penfill
1344,octreotide
1345,pramlintide
1346,"insulin inhalation, rapid acting"
1347,insulin isophane
1348,novolog mix 70/30 flexpen
1349,humulin n pen
1350,humulin r u-500 kwikpen
1351,insulin degludec
1352,insulin isophane / insulin regular
1353,myxredlin
1354,humalog mix 50/50
1355,humalog mix 75/25 kwikpen
1356,insulin lispro/insulin lispro protamine
1357,symlin pen
1358,symlinpen 60
1359,symlinpen 120
1360,humalog mix 50/50 kwikpen
1361,humulin 50/50
1362,humulin 70/30 pen
1363,relion/novolin 70/30
1364,tzield
1365,metformin
1366,farxiga
1367,trulicity
1368,rybelsus
1369,dapagliflozin
1370,dulaglutide
1371,insulin aspart
1372,insulin detemir
1373,insulin lispro
1374,lyumjev
1375,semaglutide
1376,soliqua
1377,insulin aspart/insulin aspart protamine
1378,insulin glargine / lixisenatide
1379,januvia
1380,mounjaro
1381,victoza
1382,glipizide
1383,glimepiride
1384,amaryl
1385,invokana
1386,lantus
1387,actos
1388,jardiance
1389,levemir
1390,janumet
1391,glucotrol
1392,byetta
1393,ozempic
1394,glumetza
1395,liraglutide
1396,pioglitazone
1397,tradjenta
1398,bydureon
1399,humalog
1400,lantus solostar
1401,sitagliptin
1402,novolog
1403,glyburide
1404,metformin / sitagliptin
1405,onglyza
1406,riomet
1407,glipizide xl
1408,insulin glargine
1409,novolog flexpen
1410,prandin
1411,tresiba
1412,canagliflozin
1413,chromium picolinate
1414,empagliflozin
1415,exenatide
1416,humulin r
1417,repaglinide
1418,acarbose
1419,alogliptin
1420,avandia
1421,basaglar
1422,glimepiride / pioglitazone
1423,glucotrol xl
1424,glyburide / metformin
1425,humalog kwikpen
1426,humulin n
1427,kombiglyze xr
1428,linagliptin
1429,toujeo solostar
1430,welchol
1431,xigduo xr
1432,adlyxin
1433,admelog
1434,apidra
1435,bromocriptine
1436,colesevelam
1437,cycloset
1438,dapagliflozin / metformin
1439,diabeta
1440,empagliflozin / metformin
1441,glipizide / metformin
1442,glucovance
1443,glycron
1444,glynase
1445,glyset
1446,humulin 70/30
1447,insulin regular
1448,janumet xr
1449,jentadueto
1450,lixisenatide
1451,metformin / pioglitazone
1452,metformin / saxagliptin
1453,miglitol
1454,nesina
1455,novolin 70/30
1456,novolin n
1457,novolin r
1458,pramlintide
1459,saxagliptin
1460,synjardy
1461,toujeo max solostar
1462,xultophy
1463,actoplus met
1464,afrezza
1465,albiglutide
1466,alogliptin / metformin
1467,alogliptin / pioglitazone
1468,bydureon bcise
1469,canagliflozin / metformin
1470,cr-gtf
1471,crm
1472,dapagliflozin / saxagliptin
1473,duetact
1474,empagliflozin / linagliptin / metformin
1475,empagliflozin / linagliptin
1476,ertugliflozin / metformin
1477,ertugliflozin / sitagliptin
1478,ertugliflozin
1479,fiasp
1480,glynase prestab
1481,glyxambi
1482,humalog mix 50/50
1483,humalog mix 50/50 kwikpen
1484,humalog mix 75/25
1485,humalog mix 75/25 kwikpen
1486,humulin 50/50
1487,humulin 70/30 pen
1488,humulin n pen
1489,humulin r u-500 (concentrated)
1490,humulin r u-500 kwikpen
1491,insulin degludec / liraglutide
1492,insulin degludec
1493,insulin glulisine
1494,"insulin inhalation, rapid acting"
1495,insulin isophane / insulin regular
1496,insulin isophane
1497,insulin lispro/insulin lispro protamine
1498,invokamet
1499,invokamet xr
1500,jentadueto xr
1501,kazano
1502,linagliptin / metformin
1503,myxredlin
1504,nateglinide
1505,novolog mix 70/30
1506,novolog mix 70/30 flexpen
1507,novolog penfill
1508,oseni
1509,qtern
1510,relion/novolin 70/30
1511,rezvoglar
1512,rosiglitazone
1513,segluromet
1514,semglee
1515,starlix
1516,steglatro
1517,steglujan
1518,symlin
1519,symlin pen
1520,symlinpen 60
1521,symlinpen 120
1522,synjardy xr
1523,tanzeum
1524,tirzepatide
1525,trijardy xr
1526,loperamide
1527,lomotil
1528,imodium
1529,atropine / diphenoxylate
1530,imodium a-d
1531,anti-diarrheal
1532,pepto-bismol
1533,florastor
1534,codeine
1535,bismuth subsalicylate
1536,diamode
1537,kaopectate
1538,rifaximin
1539,up and up anti-diarrheal solution
1540,neomycin
1541,saccharomyces boulardii lyo
1542,bismatrol
1543,opium
1544,octreotide
1545,bismarex
1546,bismatrol maximum strength
1547,crofelemer
1548,florastor kids
1549,mytesi
1550,pedialyte
1551,peptic relief
1552,pink bismuth
1553,saccharomyces boulardii+mos
1554,soothe caplets
1555,atropine / difenoxin
1556,ceralyte
1557,electrolyte replacement solutions
1558,enfalyte
1559,equalyte
1560,medi-lyte
1561,motofen
1562,oralyte
1563,rehydralyte
1564,revital
1565,triamcinolone
1566,mometasone
1567,dupixent
1568,hydrocortisone
1569,methotrexate
1570,clobetasol
1571,dupilumab
1572,elidel
1573,fluocinonide
1574,desonide
1575,prednisone
1576,elocon
1577,desoximetasone
1578,pimecrolimus
1579,cortizone-10
1580,dexamethasone
1581,halobetasol
1582,kenalog
1583,topicort
1584,fluocinolone
1585,dexamethasone intensol
1586,fluocinolone
1587,fluticasone
1588,alclometasone
1589,azathioprine
1590,cloderm
1591,cutivate
1592,cyclosporine
1593,dermotic oil
1594,locoid lipocream
1595,aristocort a
1596,aristocort r
1597,beser
1598,beta hc
1599,cinolar
1600,cordran tape
1601,de-sone la
1602,dermacinrx trizapak
1603,dermasorb ta
1604,desowen
1605,dxevo
1606,flurandrenolide
1607,halog
1608,hidex
1609,juulissa pharmapak
1610,locoid
1611,oralone
1612,silalite pak
1613,treziopak
1614,trianex
1615,triderm
1616,tritocin
1617,ultravate
1618,ala-cort
1619,ala-scalp
1620,ala-scalp hp
1621,amcinonide
1622,apexicon e
1623,aquanil hc
1624,aquax-h
1625,caldecort
1626,clioquinol / hydrocortisone
1627,clobex
1628,clocortolone
1629,cordran
1630,cortizone-5
1631,derma-smoothe / fs (scalp)
1632,dermarest plus anti-itch
1633,dermovate
1634,dermtex hc
1635,desonate
1636,doxepin
1637,fluocinonide-e
1638,hydrocortisone / iodoquinol
1639,itch-x lotion
1640,nucort
1641,pandel
1642,prudoxin
1643,sarnol-hc
1644,temovate
1645,texacort
1646,u-cort
1647,vanos
1648,verdeso
1649,zonalon
1650,ala-quin
1651,alcortin a
1652,aloe polysaccharides / iodoquinol
1653,aloe vera / hydrocortisone / iodoquinol
1654,aloquin
1655,ammonium lactate / halobetasol
1656,ammonium lactate/urea
1657,apexicon
1658,capex
1659,carb-o-lac5
1660,carb-o-lac hp
1661,clobevate
1662,clodan
1663,cordran sp
1664,cormax
1665,cormax scalp
1666,corti-sav
1667,cyclocort
1668,derma-smoothe / fs
1669,derma-smoothe / fs (body oil)
1670,dermatop
1671,dermazene
1672,desrx
1673,diflorasone
1674,embeline
1675,embeline e
1676,flac
1677,halcinonide
1678,halonate
1679,kerasal ultra 20
1680,lokara
1681,nolix
1682,olux
1683,olux-e
1684,prednicarbate
1685,quinja
1686,r a acne
1687,resinol
1688,resorcinol
1689,synalar
1690,synalar ointment
1691,tovet
1692,ultralytic
1693,ultralytic 2
1694,vytone
1695,cialis
1696,sildenafil
1697,viagra
1698,tadalafil
1699,caverject impulse
1700,staxyn
1701,vardenafil
1702,alprostadil
1703,edex
1704,stendra
1705,caverject
1706,muse
1707,avanafil
1708,entereg
1709,lidocaine viscous
1710,alvimopan
1711,lidocaine
1712,glydo
1713,xylocaine jelly
1714,lta ii kit
1715,omeprazole
1716,pantoprazole
1717,nexium
1718,famotidine
1719,protonix
1720,prilosec
1721,dexilant
1722,aciphex
1723,prilosec otc
1724,esomeprazole
1725,lansoprazole
1726,prevacid
1727,pepcid
1728,rabeprazole
1729,sucralfate
1730,pepcid ac
1731,carafate
1732,nexium 24hr
1733,protonix iv
1734,acid controller maximum strength
1735,acid controller original strength
1736,acid reducer maximum strength
1737,cimetidine
1738,dexlansoprazole
1739,heartburn relief
1740,heartburn relief maximum strength
1741,metoclopramide
1742,omeprazole / sodium bicarbonate
1743,pepcid ac chewable tablets
1744,pepcid oral suspension
1745,mylanta
1746,reglan
1747,zegerid
1748,calcium carbonate
1749,magnesium oxide
1750,nexium iv
1751,nizatidine
1752,aluminum hydroxide / magnesium hydroxide / simethicone
1753,bethanechol
1754,calci-chew
1755,mag-oxide
1756,pepcid complete
1757,phillips' cramp-free
1758,prevacid otc
1759,prevacid solutab
1760,tagamet hb
1761,titralac
1762,tums regular strength
1763,tums smoothies
1764,uro-mag
1765,zegerid otc
1766,aciphex sprinkle
1767,alamag
1768,alka-seltzer heartburn + gas
1769,almacone
1770,aluminum hydroxide / magnesium carbonate
1771,aluminum hydroxide / magnesium hydroxide
1772,aluminum hydroxide
1773,amphojel
1774,axid ar
1775,belladonna
1776,calcium carbonate / famotidine / magnesium hydroxide
1777,calcium carbonate / magnesium hydroxide / simethicone
1778,calcium carbonate / simethicone
1779,di-gel
1780,dual action complete
1781,duo fusion
1782,gas-x with maalox extra strength
1783,gelusil
1784,mi-acid
1785,milantex
1786,mintox
1787,mintox plus
1788,mylanta coat & cool
1789,mylanta maximum strength
1790,mylanta tonight
1791,rulox
1792,sodium citrate
1793,tricitrasol
1794,tums chewy bites with gas relief (lemon & strawberry)
1795,zegerid with magnesium hydroxide
1796,allopurinol
1797,uloric
1798,zyloprim
1799,aloprim
1800,febuxostat
1801,krystexxa
1802,probenecid
1803,pegloticase
1804,rilonacept
1805,spironolactone
1806,minoxidil
1807,azulfidine
1808,sulfasalazine
1809,olumiant
1810,aldactone
1811,rogaine
1812,kenalog-10
1813,triamcinolone
1814,aristospan
1815,rogaine men's extra strength
1816,rogaine women's
1817,hair regrowth treatment for women
1818,kenalog-40
1819,hair regrowth treatment for men
1820,azulfidine en-tabs
1821,baricitinib
1822,zyrtec
1823,cetirizine
1824,fluticasone
1825,loratadine
1826,flonase
1827,allegra
1828,montelukast
1829,claritin
1830,singulair
1831,fexofenadine
1832,astelin
1833,azelastine
1834,benadryl
1835,xyzal
1836,prednisone
1837,allegra allergy
1838,astepro
1839,diphenhydramine
1840,flonase allergy relief
1841,levocetirizine
1842,dymista
1843,medrol
1844,clarinex
1845,nasacort allergy 24hr
1846,aller-tec
1847,chlorpheniramine
1848,desloratadine
1849,mometasone
1850,phenergan
1851,triamcinolone
1852,alavert
1853,allegra-d 12 hour
1854,allegra-d 24 hour
1855,allergy relief tablets
1856,benadryl allergy
1857,budesonide
1858,claritin reditabs
1859,dexamethasone
1860,flonase sensimist
1861,methylprednisolone dose pack
1862,methylprednisolone
1863,promethazine
1864,zyrtec-d
1865,all day allergy
1866,all day allergy children's
1867,allegra odt
1868,aller-tec children's
1869,allergy relief 24 hour
1870,antinaus 50
1871,beclomethasone
1872,cetirizine / pseudoephedrine
1873,children's claritin allergy
1874,claritin-d
1875,claritin-d 24 hour
1876,clinacort
1877,cyproheptadine
1878,de-sone la
1879,depo-medrol
1880,dexamethasone intensol
1881,dxevo
1882,flunisolide
1883,hidex
1884,kenalog-40
1885,loratadine-d 24 hour
1886,medrol dosepak
1887,ohm allergy relief
1888,omnaris
1889,patanase
1890,phenadoz
1891,promethegan
1892,qnasl
1893,solu-medrol
1894,tavist nd
1895,ticanase
1896,triamcinolone
1897,wal-itin
1898,zodex
1899,zyrtec-d 12 hour
1900,acrivastine / pseudoephedrine
1901,aller-chlor
1902,aller-ease
1903,allergy relief
1904,allermax
1905,astepro allergy
1906,azelastine / fluticasone
1907,banophen
1908,beconase aq
1909,c.p.m.
1910,chlo-amine
1911,chlor-mal
1912,chlor-trimeton
1913,chlorpheniramine / phenylephrine
1914,chlortan
1915,claritin-d 12 hour
1916,complete allergy relief
1917,dexbrompheniramine / pseudoephedrine
1918,dicopanol
1919,diphedryl
1920,diphen
1921,dytuss
1922,ed-chlortan
1923,ed chlorped
1924,ed chlor ped jr.
1925,fexofenadine / pseudoephedrine
1926,loratadine / pseudoephedrine
1927,mucinex allergy
1928,nasalcrom
1929,olopatadine
1930,promethazine dm
1931,rhinocort allergy
1932,scot-tussin allergy
1933,siladryl allergy
1934,twilite
1935,valu-dryl
1936,vanamine pd
1937,wal-finate
1938,a-phedrin
1939,abatuss dmx
1940,acetaminophen / chlorpheniramine
1941,actifed cold and allergy
1942,advil allergy sinus
1943,advil children's allergy sinus
1944,alahist d
1945,alavert d-12 hour allergy and sinus
1946,allan tannate pediatric
1947,all day allergy-d
1948,allerest maximum strength
1949,allerest pe
1950,allerfrim
1951,allergy & congestion relief
1952,allergy relief d
1953,aphedrid
1954,aprodine
1955,arbinoxa
1956,benadryl allergy plus congestion
1957,bp allergy jr
1958,brohist d
1959,bromaline
1960,bromatan plus
1961,bromax
1962,brompheniramine / phenylephrine
1963,brompheniramine / pseudoephedrine
1964,brompheniramine
1965,brotapp
1966,capron dm
1967,capron dmt
1968,carbinoxamine
1969,carboxine
1970,children's triacting night time
1971,chlorex-a 12
1972,chlorpheniramine / codeine
1973,chlorpheniramine / ibuprofen / pseudoephedrine
1974,chlorpheniramine / phenylephrine / pyrilamine
1975,chlorpheniramine / pseudoephedrine
1976,chlortan d
1977,ciclesonide
1978,clarinex-d 12 hour
1979,clarinex-d 24 hour
1980,clarinex reditabs
1981,clear-atadine-d
1982,clemastine
1983,codar ar
1984,codimal dm
1985,conal
1986,conex
1987,coricidin hbp cold & flu
1988,cromolyn
1989,dallergy drops
1990,decon-a
1991,deconamine
1992,deltuss dmx
1993,desloratadine / pseudoephedrine
1994,dexchlorpheniramine / dextromethorphan / pseudoephedrine
1995,dexchlorpheniramine / phenylephrine
1996,dexchlorpheniramine
1997,dextromethorphan / diphenhydramine / phenylephrine
1998,dextromethorphan / phenylephrine / pyrilamine
1999,dextromethorphan / promethazine
2000,dextromethorphan / pyrilamine
2001,dicel
2002,dimetane decongestant
2003,dimetapp children's cold & allergy
2004,diphenhydramine / phenylephrine
2005,dixaphedrine
2006,doxylamine
2007,drixoral cold and allergy
2008,dytan-d
2009,dytan-dm
2010,ed a-hist
2011,ed chlorped d
2012,equaline sleep aid
2013,equate sleep aid
2014,grastek
2015,histafed
2016,histex ct
2017,histex ie
2018,histex pd
2019,house dust mite allergen extract
2020,karbinal er
2021,leader allergy relief d-24
2022,lodrane d
2023,lohist-d
2024,loratadine-d 12 hour
2025,mixed grass pollens allergen extract
2026,mometasone / olopatadine
2027,nalex a 12
2028,nasonex 24hr allergy
2029,nohist lq
2030,novahistine
2031,odactra
2032,oralair
2033,phena-plus
2034,phenagil
2035,pheniramine / phenylephrine
2036,phenylephrine / promethazine
2037,polmon
2038,pseudoephedrine / triprolidine
2039,ragweed pollen allergen extract
2040,ragwitek
2041,ru-hist d
2042,ru-hist forte
2043,ryaltris
2044,ryclora
2045,rymed
2046,rynex pe
2047,ryvent
2048,semprex-d
2049,sinus & allergy pe
2050,sudafed pe sinus & allergy
2051,sudogest sinus & allergy
2052,sutan-dm
2053,timothy grass pollen allergen extract
2054,tuzistra xr
2055,vi-sudo
2056,zetonna
2057,acyclovir
2058,valacyclovir
2059,zovirax cream
2060,abreva
2061,acyclovir
2062,zovirax ointment
2063,zovirax
2064,docosanol
2065,blistex ointment
2066,allantoin / camphor / phenol
2067,lisinopril
2068,amlodipine
2069,losartan
2070,hydrochlorothiazide
2071,metoprolol
2072,atenolol
2073,norvasc
2074,carvedilol
2075,benicar
2076,furosemide
2077,clonidine
2078,cozaar
2079,hydrochlorothiazide / lisinopril
2080,bystolic
2081,diovan
2082,lopressor
2083,toprol-xl
2084,spironolactone
2085,valsartan
2086,avapro
2087,enalapril
2088,hydralazine
2089,lasix
2090,nifedipine
2091,prinivil
2092,propranolol
2093,ramipril
2094,zestril
2095,diltiazem
2096,hydrochlorothiazide / losartan
2097,irbesartan
2098,olmesartan
2099,vasotec
2100,chlorthalidone
2101,coreg
2102,hydrochlorothiazide / triamterene
2103,katerzia
2104,norliqva
2105,verapamil
2106,amlodipine / benazepril
2107,benazepril
2108,bisoprolol
2109,diovan hct
2110,doxazosin
2111,maxzide
2112,tenormin
2113,benicar hct
2114,candesartan
2115,cartia xt
2116,coreg cr
2117,exforge
2118,kapspargo sprinkle
2119,labetalol
2120,perindopril
2121,qbrelis
2122,telmisartan
2123,aldactone
2124,altace
2125,amlodipine / valsartan
2126,aquazide h
2127,atenolol / chlorthalidone
2128,azor
2129,captopril
2130,cardizem cd
2131,carospir
2132,catapres
2133,catapres-tts
2134,dyazide
2135,esidrix
2136,felodipine
2137,hydrochlorothiazide / valsartan
2138,hyzaar
2139,indapamide
2140,inderal la
2141,innopran xl
2142,lotrel
2143,micardis
2144,microzide
2145,nebivolol
2146,nitroglycerin
2147,prazosin
2148,procardia xl
2149,quinapril
2150,terazosin
2151,accupril
2152,adalat cc
2153,afeditab cr
2154,amlodipine / atorvastatin
2155,amlodipine / hydrochlorothiazide / valsartan
2156,amlodipine / olmesartan
2157,apresoline
2158,atacand
2159,avalide
2160,benazepril / hydrochlorothiazide
2161,bendroflumethiazide / nadolol
2162,bendroflumethiazide
2163,bisoprolol / hydrochlorothiazide
2164,caduet
2165,calan sr
2166,cardizem la
2167,cardura
2168,dilacor xr
2169,dilt-xr
2170,diltia xt
2171,diltzac
2172,epaned
2173,eplerenone
2174,exforge hct
2175,fosinopril
2176,guanfacine
2177,hydrochlorothiazide / irbesartan
2178,hydrochlorothiazide / olmesartan
2179,hydrochlorothiazide / telmisartan
2180,lotensin
2181,matzim la
2182,methyldopa
2183,metolazone
2184,micardis hct
2185,minitran
2186,minoxidil
2187,nadolol
2188,nexiclon xr
2189,nitro-bid
2190,nitro-dur
2191,nitro-time
2192,nitrolingual pumpspray
2193,nitromist
2194,nitrostat
2195,nitro td patch-a
2196,taztia xt
2197,tekturna
2198,tiadylt er
2199,tiazac
2200,torsemide
2201,verelan
2202,verelan pm
2203,zestoretic
2204,ziac
2205,accuretic
2206,acebutolol
2207,aldactazide
2208,aldoril
2209,aliskiren / hydrochlorothiazide
2210,aliskiren
2211,amiloride / hydrochlorothiazide
2212,amiloride
2213,amlodipine / celecoxib
2214,amlodipine / hydrochlorothiazide / olmesartan
2215,amlodipine / perindopril
2216,amlodipine / telmisartan
2217,atacand hct
2218,azilsartan medoxomil / chlorthalidone
2219,azilsartan medoxomil
2220,betaxolol
2221,brevibloc
2222,candesartan / hydrochlorothiazide
2223,captopril / hydrochlorothiazide
2224,cardene iv
2225,chlorothiazide
2226,clevidipine
2227,cleviprex
2228,conjupri
2229,consensi
2230,corgard
2231,corzide
2232,corzide 40/5
2233,corzide 80/5
2234,demadex
2235,diuril
2236,diuril sodium
2237,dutoprol
2238,edarbi
2239,edarbyclor
2240,enalapril / hydrochlorothiazide
2241,eprosartan
2242,esmolol
2243,fosinopril / hydrochlorothiazide
2244,guanabenz
2245,hydrochlorothiazide / methyldopa
2246,hydrochlorothiazide / metoprolol
2247,hydrochlorothiazide / moexipril
2248,hydrochlorothiazide / quinapril
2249,hydrochlorothiazide / spironolactone
2250,hytrin
2251,inspra
2252,isradipine
2253,levamlodipine
2254,lopressor hct
2255,lotensin hct
2256,maxzide-25
2257,mecamylamine
2258,midamor
2259,minipress
2260,moexipril
2261,nebivolol / valsartan
2262,nicardipine
2263,nisoldipine
2264,pindolol
2265,prestalia
2266,sular
2267,tarka
2268,tekturna hct
2269,tenoretic
2270,tenoretic 50
2271,tenoretic 100
2272,timolol
2273,trandate
2274,trandolapril / verapamil
2275,trandolapril
2276,tribenzor
2277,twynsta
2278,vaseretic
2279,vecamyl
2280,zaroxolyn
2281,levothyroxine
2282,synthroid
2283,armour thyroid
2284,levoxyl
2285,cytomel
2286,tirosint
2287,euthyrox
2288,liothyronine
2289,nature-throid
2290,unithroid
2291,westhroid
2292,levo-t
2293,thyquidity
2294,thyroid desiccated
2295,tirosint-sol
2296,np thyroid
2297,triostat
2298,wp thyroid
2299,budesonide
2300,prednisone
2301,mesalamine
2302,sulfasalazine
2303,lialda
2304,asacol
2305,pentasa
2306,apriso
2307,remicade
2308,infliximab
2309,asacol hd
2310,azulfidine
2311,delzicol
2312,rowasa
2313,entocort ec
2314,hydrocortisone
2315,azathioprine
2316,dexamethasone
2317,mercaptopurine
2318,imuran
2319,cromolyn
2320,cyclosporine
2321,dexamethasone intensol
2322,gastrocrom
2323,acthar
2324,cortef
2325,corticotropin
2326,cortifoam
2327,mycophenolate mofetil
2328,cortenema
2329,de-sone la
2330,dxevo
2331,solu-cortef
2332,zodex
2333,azasan
2334,azulfidine en-tabs
2335,h.p. acthar gel
2336,oxybutynin
2337,myrbetriq
2338,vesicare
2339,detrol la
2340,tolterodine
2341,toviaz
2342,amitriptyline
2343,solifenacin
2344,oxytrol
2345,detrol
2346,ditropan xl
2347,hyoscyamine
2348,mirabegron
2349,duloxetine
2350,trospium
2351,gelnique
2352,botox
2353,fesoterodine
2354,darifenacin
2355,flavoxate
2356,onabotulinumtoxina
2357,trazodone
2358,ambien
2359,zolpidem
2360,belsomra
2361,suvorexant
2362,dayvigo
2363,temazepam
2364,daridorexant
2365,lemborexant
2366,quviviq
2367,amitriptyline
2368,lunesta
2369,quetiapine
2370,restoril
2371,ativan
2372,mirtazapine
2373,lorazepam
2374,clonazepam
2375,gabapentin
2376,doxepin
2377,estazolam
2378,flurazepam
2379,halcion
2380,ambien cr
2381,diphenhydramine
2382,eszopiclone
2383,rozerem
2384,silenor
2385,sonata
2386,advil pm
2387,doxylamine
2388,triazolam
2389,quazepam
2390,edluar
2391,olanzapine
2392,tylenol pm
2393,unisom sleeptabs
2394,zaleplon
2395,compoz nighttime sleep aid
2396,doral
2397,ramelteon
2398,chloral hydrate
2399,dimenhydrinate
2400,diphenhydramine / ibuprofen
2401,nytol
2402,oxazepam
2403,pentobarbital
2404,simply sleep
2405,sominex
2406,unisom sleepgels
2407,unisom sleepmelts
2408,zolpimist
2409,zzzquil
2410,acetaminophen / diphenhydramine
2411,amobarbital
2412,ibuprofen pm
2413,nighttime sleepaid
2414,nytol quickcaps
2415,phenobarbital
2416,sleep aid
2417,sleepinal
2418,twilite
2419,z-sleep
2420,aleve pm
2421,diphenhydramine / magnesium salicylate
2422,diphenhydramine / naproxen
2423,doans pm
2424,equaline sleep aid
2425,equate sleep aid
2426,headache relief pm
2427,legatrin pm
2428,midol pm
2429,motrin pm
2430,percogesic extra strength
2431,percogesic original strength
2432,zopiclone
2433,esterified estrogens / methyltestosterone
2434,eemt hs
2435,covaryx
2436,eemt
2437,bijuva
2438,estradiol / progesterone
2439,covaryx hs
2440,sumatriptan
2441,imitrex
2442,zomig
2443,cambia
2444,nurtec odt
2445,zolmitriptan
2446,rizatriptan
2447,maxalt
2448,reyvow
2449,elyxyb
2450,lasmiditan
2451,rimegepant
2452,tosymra
2453,gabapentin
2454,relpax
2455,excedrin migraine
2456,amerge
2457,cyclobenzaprine
2458,fiorinal
2459,treximet
2460,maxalt-mlt
2461,diclofenac
2462,ubrelvy
2463,naratriptan
2464,aspirin / butalbital / caffeine
2465,frova
2466,botox
2467,eletriptan
2468,excedrin
2469,reglan
2470,metoclopramide
2471,almotriptan
2472,naproxen / sumatriptan
2473,venlafaxine
2474,acetaminophen / aspirin / caffeine
2475,cyproheptadine
2476,imitrex statdose
2477,methergine
2478,migranal
2479,acetaminophen / aspirin / caffeine / salicylamide
2480,cafergot
2481,dihydroergotamine
2482,frovatriptan
2483,memantine
2484,migergot
2485,orphenadrine
2486,zembrace symtouch
2487,zomig-zmt
2488,caffeine / ergotamine
2489,celecoxib
2490,d.h.e. 45
2491,ergomar
2492,ergotamine
2493,methylergonovine
2494,onabotulinumtoxina
2495,onzetra xsail
2496,painaid
2497,prochlorperazine
2498,vanquish
2499,zomig nasal spray
2500,anacin advanced headache formula
2501,backaid inflammatory pain formula
2502,fortabs
2503,genace
2504,goody's extra-strength headache powders
2505,goody's extra strength
2506,goody's headache powders
2507,migraine relief
2508,trudhesa
2509,ubrogepant
2510,meloxicam
2511,celebrex
2512,diclofenac
2513,mobic
2514,naproxen
2515,celecoxib
2516,ibuprofen
2517,voltaren
2518,chondroitin / glucosamine
2519,voltaren arthritis pain gel
2520,cymbalta
2521,diclofenac
2522,prednisone
2523,aleve
2524,arthrotec
2525,cataflam
2526,aspirin
2527,medrol dosepak
2528,nabumetone
2529,duloxetine
2530,etodolac
2531,advil
2532,motrin
2533,vimovo
2534,naprosyn
2535,pennsaid
2536,arthritis pain
2537,ecotrin
2538,zorvolex
2539,aspergum
2540,aspiritab
2541,aspirtab
2542,bayer aspirin
2543,bayer aspirin extra strength plus
2544,easprin
2545,ecpirin
2546,entercote
2547,genacote
2548,halfprin
2549,methylprednisolone
2550,norwich aspirin
2551,vazalore
2552,depo-medrol
2553,indocin
2554,indomethacin
2555,proprinal
2556,a-g profen
2557,acetaminophen / codeine
2558,actiprofen
2559,addaprin
2560,advil liqui-gels
2561,chondroitin / glucosamine / methylsulfonylmethane
2562,diclofenac / misoprostol
2563,duexis
2564,genpril
2565,ibu-200
2566,medrol
2567,midol ib
2568,motrin ib
2569,naprelan
2570,nuprin
2571,osteo bi-flex
2572,piroxicam
2573,aflaxen
2574,all day pain relief
2575,all day relief
2576,anaprox
2577,anaprox-ds
2578,cosamin ds
2579,diclozor
2580,diflunisal
2581,dolobid
2582,ec-naprosyn
2583,feldene
2584,flanax pain reliever
2585,kenalog-40
2586,ketoprofen
2587,lofena
2588,methylprednisolone dose pack
2589,oxaprozin
2590,profinac
2591,salsalate
2592,schiff move free
2593,solu-medrol
2594,sulindac
2595,triamcinolone
2596,xrylix
2597,amlodipine / celecoxib
2598,aristospan
2599,betamethasone
2600,bioflavonoids
2601,capsaicin
2602,celestone soluspan
2603,clinacort
2604,clinoril
2605,consensi
2606,cortisone
2607,daypro
2608,esomeprazole / naproxen
2609,euflexxa
2610,excedrin
2611,hyaluronan
2612,indocin sr
2613,kenalog-10
2614,limbrel
2615,orthovisc
2616,osteo bi-flex advanced
2617,sodium hyaluronate
2618,supartz
2619,synvisc
2620,synvisc-one
2621,zilretta
2622,zostrix
2623,acetaminophen / aspirin / caffeine
2624,acetaminophen / aspirin
2625,acetaminophen / caffeine
2626,arthricream
2627,asper-flex
2628,axsain
2629,backaid inflammatory pain formula
2630,boroleum
2631,capsin
2632,capzasin
2633,capzasin-hp
2634,capzasin-p
2635,castiva cooling
2636,castiva warming
2637,choline magnesium trisalicylate
2638,cidaflex
2639,cosmegen
2640,dactinomycin
2641,diclofenac / menthol
2642,diclopr
2643,diclostream
2644,durolane
2645,eucalyptamint
2646,excedrin quick tab
2647,excedrin tension headache
2648,exocaine plus
2649,famotidine / ibuprofen
2650,fenoprofen
2651,fenortho
2652,fenovar
2653,flurbiprofen
2654,gelsyn-3
2655,genace
2656,glucoten
2657,goody's extra strength
2658,gordogesic
2659,heet triple action
2660,hyalgan
2661,hylan g-f 20
2662,hymovis
2663,meclofenamate
2664,menthac arthritis cream with capsaicin
2665,mentholatum deep heating
2666,methyl salicylate
2667,monovisc
2668,myoflex
2669,nalfon
2670,optiflex complete
2671,pryflex
2672,relafen ds
2673,relamine
2674,salonpas pain patch
2675,satogesic
2676,sloan's liniment
2677,supartz fx
2678,tolmetin
2679,trolamine salicylate
2680,zostrix diabetic foot pain
2681,zostrix sports
2682,alendronate
2683,prolia
2684,fosamax
2685,calcium / vitamin d
2686,denosumab
2687,boniva
2688,actonel
2689,calcium carbonate
2690,evenity
2691,forteo
2692,reclast
2693,evista
2694,caltrate 600+d
2695,citracal + d
2696,risedronate
2697,caltrate
2698,hydrochlorothiazide
2699,calcium citrate
2700,ibandronate
2701,raloxifene
2702,premarin
2703,atelvia
2704,calcitonin
2705,zometa
2706,microzide
2707,teriparatide
2708,aquazide h
2709,esidrix
2710,zoledronic acid
2711,alendronate / cholecalciferol
2712,fosamax plus d
2713,binosto
2714,miacalcin
2715,tymlos
2716,aclasta
2717,calci-chew
2718,prempro
2719,abaloparatide
2720,calcitrate with d
2721,calcium gluconate
2722,calcium lactate
2723,"calcium phosphate, tribasic"
2724,conjugated estrogens
2725,os-cal calcium+d3
2726,tums smoothies
2727,bazedoxifene / conjugated estrogens
2728,cal-glu
2729,cal-lac
2730,calcitrate
2731,conjugated estrogens / medroxyprogesterone
2732,duavee
2733,esterified estrogens
2734,estropipate
2735,menest
2736,ogen
2737,os-cal 500 chewable
2738,os-cal extra d3
2739,oystercal-d
2740,posture
2741,premarin intravenous
2742,premphase
2743,romosozumab
2744,upcal d
2745,tramadol
2746,gabapentin
2747,ibuprofen
2748,oxycodone
2749,acetaminophen
2750,hydrocodone
2751,tylenol
2752,methadone
2753,acetaminophen / hydrocodone
2754,dilaudid
2755,buprenorphine
2756,oxycontin
2757,buprenex
2758,percocet
2759,paracetamol
2760,celebrex
2761,naproxen
2762,diclofenac
2763,ketorolac
2764,ultram
2765,amitriptyline
2766,acetaminophen / oxycodone
2767,demerol
2768,nucynta
2769,voltaren arthritis pain gel
2770,aspirin
2771,hydromorphone
2772,roxicodone
2773,aleve
2774,celecoxib
2775,diclofenac
2776,tylenol arthritis pain
2777,acetaminophen / codeine
2778,advil
2779,codeine
2780,meloxicam
2781,morphine
2782,voltaren
2783,motrin
2784,fentanyl transdermal system
2785,hydroxyzine
2786,lidocaine
2787,nortriptyline
2788,pregabalin
2789,acetaminophen / tramadol
2790,etodolac
2791,hydrocodone / ibuprofen
2792,arthritis pain
2793,bayer aspirin
2794,duloxetine
2795,fentanyl
2796,oxymorphone
2797,tapentadol
2798,tylenol 8 hour
2799,advil liqui-gels
2800,altenol
2801,arthritis pain relief
2802,ascriptin
2803,aspergum
2804,aspiritab
2805,aspirtab
2806,bayer aspirin extra strength plus
2807,easprin
2808,ecotrin
2809,ecpirin
2810,entercote
2811,feverall
2812,flector patch
2813,genacote
2814,halfprin
2815,mapap
2816,meperidine
2817,motrin ib
2818,ms contin
2819,naprosyn
2820,norwich aspirin
2821,vazalore
2822,7t gummy es chewable tablets
2823,a-g profen
2824,abenol
2825,acephen
2826,actamin
2827,actimol children's
2828,actimol infant
2829,actiprofen
2830,addaprin
2831,advil children's
2832,advil infant's concentrated drops
2833,advil migraine
2834,aminofen
2835,anacin aspirin free
2836,apra
2837,atasol
2838,aurophen
2839,caldolor
2840,cataflam
2841,cetafen
2842,children's motrin
2843,children's silapap
2844,children's tylenol
2845,clonidine
2846,conzip
2847,dolono
2848,duragesic
2849,febrol solution
2850,genapap
2851,genebs
2852,genpril
2853,ibu-200
2854,indomethacin
2855,infant's tylenol
2856,jr. tylenol
2857,kadian
2858,lidocaine viscous
2859,m-pap
2860,mapap arthritis pain
2861,midol ib
2862,motrin childrens
2863,motrin junior strength
2864,nortemp children's
2865,nucynta er
2866,nuprin
2867,ofirmev
2868,pharbetol
2869,proprinal
2870,qdolo
2871,silapap childrens
2872,tactinal
2873,tempra quicklets
2874,tycolene
2875,tylophen
2876,ultracet
2877,vitapap
2878,actiq
2879,aflaxen
2880,all day pain relief
2881,all day relief
2882,anaprox
2883,anaprox-ds
2884,anjeso
2885,dazidox
2886,ec-naprosyn
2887,eth-oxydose
2888,flanax pain reliever
2889,hysingla er
2890,ketamine
2891,lofena
2892,naprelan
2893,oxaydo
2894,oxydose
2895,oxyfast
2896,piroxicam
2897,roxybond
2898,tylenol pm
2899,xrylix
2900,xtampza er
2901,zipsor
2902,zorvolex
2903,advil pm
2904,aleve pm
2905,aloe vera burn relief spray with lidocaine
2906,anecream
2907,anestacon
2908,astero
2909,astramorph pf
2910,bactine
2911,belbuca
2912,biofreeze
2913,butorphanol
2914,butrans
2915,capsaicin
2916,cidaleaze
2917,dermacinrx lidotral﻿
2918,dermacinrx lido v pak
2919,diphenhydramine
2920,duraclon
2921,duramorph
2922,duramorph pf
2923,eha lotion
2924,fentora
2925,glydo
2926,ibuprofen pm
2927,imipramine
2928,infumorph
2929,itch relief
2930,ketoprofen
2931,levorphanol
2932,lidamantle
2933,lidopac
2934,lidorx
2935,lidotrans 5 pak
2936,lidozion
2937,lmx 4
2938,lmx 5
2939,lta ii kit
2940,lydexa
2941,medi-quik spray
2942,mefenamic acid
2943,methadone diskets
2944,methadose
2945,mitigo
2946,moxicaine
2947,nalbuphine
2948,radiaguard
2949,recticare
2950,regenecare ha spray
2951,sprix
2952,sulindac
2953,topicaine
2954,tranzarel
2955,xylocaine jelly
2956,xylocaine topical
2957,zionodil
2958,acetaminophen / aspirin / caffeine / salicylamide
2959,acetaminophen / aspirin
2960,acetaminophen / benzhydrocodone
2961,acetaminophen / caffeine / dihydrocodeine
2962,acetaminophen / caffeine
2963,acetaminophen / diphenhydramine
2964,acetaminophen / ibuprofen
2965,acetaminophen / phenyltoloxamine / salicylamide
2966,activice
2967,alfentanil
2968,alka-seltzer wake-up call!
2969,anacin
2970,anbesol
2971,apadaz
2972,arctic relief
2973,arthricream
2974,asper-flex
2975,aspercreme max no mess roll-on
2976,aspercreme pain relieving heat gel
2977,aspirin / butalbital / caffeine
2978,aspirin / caffeine / dihydrocodeine
2979,aspirin / caffeine
2980,aspirin / carisoprodol / codeine
2981,aspirin / oxycodone
2982,axsain
2983,back & body extra strength
2984,bayer back & body
2985,bayer extra strength back & body
2986,bc arthritis
2987,bc fast pain relief
2988,bengay cold therapy gel
2989,bengay ultra strength pain relieving patch
2990,bengay vanishing scent
2991,bengay zero degrees
2992,benzo-jel
2993,benzocaine
2994,bio-therm pain relieving lotion
2995,"blue-emu maximum strength arthritis, muscle & joint pain relief"
2996,blue gel
2997,bupivacaine liposome
2998,camphor / menthol
2999,capsagel extra strength
3000,capsaicin / diclofenac
3001,capsaicin / lidocaine / menthol / methyl salicylate
3002,capsaicin / menthol / methyl salicylate
3003,capsin
3004,capsinac
3005,capzasin
3006,capzasin-hp
3007,capzasin-p
3008,castiva warming
3009,celecoxib / tramadol
3010,cepacol fizzlers
3011,chiggerex
3012,choline magnesium trisalicylate
3013,clinoril
3014,cool 'n heat patch
3015,cope
3016,dendracin neurodendraxcin
3017,denti-care denti-freeze
3018,dermacinrx lexitral
3019,dermacinrx lexitral pharmapak
3020,dermoplast
3021,diclofex dc
3022,dicloheal-60
3023,diclosaicin
3024,diclotral pak
3025,diflunisal
3026,diphenhydramine / ibuprofen
3027,diphenhydramine / magnesium salicylate
3028,diphenhydramine / naproxen
3029,doan's pills
3030,doans pills extra strength
3031,doans pm
3032,dolobid
3033,dsuvia
3034,duraxin
3035,dvorah
3036,dyclonine
3037,ed-flex
3038,endodan
3039,excedrin quick tab
3040,excedrin tension headache
3041,exoten-c pain relief
3042,exparel
3043,fast freeze
3044,feldene
3045,fenoprofen
3046,fenortho
3047,fiorinal
3048,flexall
3049,flurbiprofen
3050,fortabs
3051,freeze it
3052,gebauer's spray and stretch
3053,gold bond medicated maximum strength foot
3054,headache relief pm
3055,icy hot advanced relief pain relief patch
3056,icy hot extra strength
3057,icy hot medicated spray
3058,icy hot vanishing scent pain relieving gel
3059,inavix
3060,indocin
3061,indocin sr
3062,kank-a
3063,lanacane
3064,laryngesic
3065,legatrin pm
3066,lidopro
3067,magnesium salicylate
3068,max-freeze
3069,meclofenamate
3070,medi-derm rx
3071,medicone
3072,medrox
3073,medrox-rx
3074,menthac arthritis cream with capsaicin
3075,menthol
3076,meperitab
3077,midol pm
3078,mineral ice
3079,motrin pm
3080,mst
3081,myoflex
3082,nalfon
3083,nalocet
3084,naloxone / pentazocine
3085,new terocin
3086,nudiclo solupak
3087,nuprin backache
3088,oliceridine
3089,olinvyk
3090,p-a-c
3091,p-a-c analgesic
3092,painaid
3093,pentafluoropropane / tetrafluoroethane
3094,percodan
3095,percogesic extra strength
3096,percogesic original strength
3097,pramox
3098,pramoxine
3099,prax
3100,precaine b
3101,prialt
3102,primlev
3103,prolate
3104,qutenza
3105,rematex
3106,salonpas-hot
3107,sarna sensitive
3108,seglentis
3109,sloan's liniment
3110,solarcaine first aid medicated spray
3111,soltice quick-rub
3112,sombra cool therapy
3113,sombra warm therapy
3114,stopain
3115,sufentanil
3116,sure result dss premium pak
3117,theragen hp
3118,therapeutic ice
3119,tiger balm
3120,tiger balm pain relieving patch
3121,tivorbex
3122,tofranil
3123,tolmetin
3124,topical anesthetic dental gel
3125,transderm-iq
3126,trezix
3127,trolamine salicylate
3128,tru-micin
3129,ultracin t
3130,xodol
3131,xolox
3132,ziclopro
3133,ziconotide
3134,zostrix
3135,zostrix diabetic foot pain
3136,zostrix sports
3137,zyfrel
3138,levofloxacin
3139,clarithromycin
3140,ceftriaxone
3141,levaquin
3142,azithromycin
3143,doxycycline
3144,amoxicillin
3145,amoxil
3146,azithromycin dose pack
3147,augmentin
3148,ciprofloxacin
3149,avelox
3150,cefdinir
3151,zithromax
3152,amoxicillin / clavulanate
3153,clindamycin
3154,cipro
3155,cefotaxime
3156,metronidazole
3157,cefuroxime
3158,moxifloxacin
3159,sulfamethoxazole / trimethoprim
3160,vancomycin
3161,bactrim
3162,bactrim ds
3163,cefepime
3164,ceftazidime
3165,ceftin
3166,apo-amoxi
3167,flagyl
3168,amikacin
3169,ancef
3170,cefpodoxime
3171,doxy 100
3172,erythromycin
3173,vibramycin
3174,zyvox
3175,cefixime
3176,cilastatin / imipenem
3177,cipro i.v.
3178,cipro xr
3179,cleocin
3180,doryx
3181,doryx mpc
3182,flagyl iv
3183,linezolid
3184,monodox
3185,morgidox
3186,oraxyl
3187,piperacillin / tazobactam
3188,zosyn
3189,biaxin xl
3190,cefazolin
3191,cleocin hcl
3192,cleocin pediatric
3193,cleocin phosphate
3194,co-trimoxazole
3195,flagyl 375
3196,septra
3197,tobramycin
3198,achromycin v
3199,ala-tet
3200,amoclan
3201,ampicillin
3202,augmentin xr
3203,avelox i.v.
3204,aztreonam
3205,brodspec
3206,cefaclor
3207,cefzil
3208,dicloxacillin
3209,e.e.s. granules
3210,ertapenem
3211,ery-tab
3212,eryc
3213,eryped
3214,erythrocin
3215,erythrocin lactobionate
3216,floxin
3217,garamycin
3218,gentamicin
3219,invanz
3220,maxipime
3221,ofloxacin
3222,pce dispertab
3223,penicillin vk
3224,penicillin v potassium
3225,primaxin iv
3226,septra ds
3227,sulfatrim pediatric
3228,suprax
3229,teflaro
3230,tetracycline
3231,tigecycline
3232,tygacil
3233,vancocin
3234,vancocin hcl
3235,vancocin hcl pulvules
3236,zinacef
3237,amikin
3238,amikin pediatric
3239,ampicillin / sulbactam
3240,avibactam / ceftazidime
3241,avycaz
3242,azactam
3243,baciim
3244,bacitracin
3245,baxdela
3246,bicillin c-r
3247,bicillin c-r 900/300
3248,cefotan
3249,cefotetan
3250,cefoxitin
3251,cefprozil
3252,ceftaroline
3253,ceftolozane / tazobactam
3254,claforan
3255,delafloxacin
3256,dycill
3257,dynapen
3258,factive
3259,fortaz
3260,gemifloxacin
3261,lefamulin
3262,nafcillin
3263,nuzyra
3264,omadacycline
3265,oxacillin
3266,penicillin g benzathine / procaine penicillin
3267,penicillin g potassium
3268,penicillin g sodium
3269,pfizerpen
3270,piperacillin
3271,procaine penicillin
3272,tazicef
3273,telavancin
3274,tobi
3275,unasyn
3276,vibativ
3277,xenleta
3278,zerbaxa
3279,clobetasol
3280,methotrexate
3281,humira
3282,stelara
3283,triamcinolone
3284,ustekinumab
3285,adalimumab
3286,cosentyx
3287,remicade
3288,taltz
3289,skyrizi
3290,tremfya
3291,etanercept
3292,ilumya
3293,infliximab
3294,avsola
3295,duobrii
3296,guselkumab
3297,halobetasol / tazarotene
3298,inflectra
3299,ixekizumab
3300,renflexis
3301,risankizumab
3302,secukinumab
3303,tildrakizumab
3304,fluocinonide
3305,triamcinolone
3306,elocon
3307,calcipotriene
3308,mometasone
3309,prednisone
3310,clobex
3311,dovonex
3312,hydrocortisone
3313,desonide
3314,acitretin
3315,betamethasone
3316,cyclosporine
3317,soriatane
3318,taclonex
3319,tazorac
3320,temovate
3321,betamethasone / calcipotriene
3322,halobetasol
3323,kenalog-40
3324,desoximetasone
3325,kenalog
3326,neoral
3327,otrexup
3328,trexall
3329,dexamethasone
3330,enstilar
3331,fluocinolone
3332,fluocinonide-e
3333,methylprednisolone
3334,rasuvo
3335,tacrolimus
3336,topicort
3337,aristocort a
3338,aristocort r
3339,aristospan
3340,calcitriol
3341,cinolar
3342,clinacort
3343,coal tar
3344,cortizone-10
3345,kenalog-10
3346,locoid
3347,prednisolone
3348,reditrex
3349,taclonex scalp
3350,tazarotene
3351,trianex
3352,triderm
3353,tritocin
3354,vectical
3355,acthar
3356,ala-cort
3357,ala-scalp
3358,ala-scalp hp
3359,alclometasone
3360,ammonium lactate / halobetasol
3361,aquanil hc
3362,beta hc
3363,caldecort
3364,cloderm
3365,cordran
3366,cordran tape
3367,cortizone-5
3368,derma-smoothe / fs (scalp)
3369,dermarest plus anti-itch
3370,dermovate
3371,dermtex hc
3372,diflorasone
3373,flurandrenolide
3374,gengraf
3375,halog
3376,itch-x lotion
3377,locoid lipocream
3378,nucort
3379,olux
3380,olux-e
3381,oxsoralen-ultra
3382,pandel
3383,psoriasin
3384,sarnol-hc
3385,sernivo
3386,synalar
3387,texacort
3388,u-cort
3389,vanos
3390,abrilada
3391,amcinonide
3392,amjevita
3393,ammonium lactate/urea
3394,analpram-hc
3395,analpram e
3396,anthraforte
3397,anthralin
3398,anthrascalp
3399,apexicon
3400,apexicon e
3401,balnetar
3402,betatar gel
3403,brodalumab
3404,bryhali
3405,calcitrene
3406,capex
3407,carb-o-lac5
3408,carb-o-lac hp
3409,clobevate
3410,clocortolone
3411,clodan
3412,coal tar/salicylic acid/sulfur
3413,coal tar/salicylic acid
3414,cordran sp
3415,cormax
3416,cormax scalp
3417,corticotropin
3418,cutar
3419,cyclocort
3420,cyltezo
3421,derma-smoothe / fs
3422,derma-smoothe / fs (body oil)
3423,dermatop
3424,desonate
3425,desowen
3426,dhs tar shampoo
3427,doak tar
3428,dritho-scalp
3429,drithocreme
3430,elta tar
3431,embeline
3432,embeline e
3433,epifoam
3434,estar
3435,fototar
3436,h.p. acthar gel
3437,hadlima
3438,halcinonide
3439,halonate
3440,hulio
3441,hydrocortisone / pramoxine
3442,hydroxyurea
3443,hyrimoz
3444,impoyz
3445,ionil t
3446,ixifi
3447,kalosar
3448,kerasal ultra 20
3449,lokara
3450,medotar
3451,methoxsalen
3452,mg217 medicated tar
3453,neutrogena t/derm
3454,neutrogena t/gel
3455,nolix
3456,novacort
3457,oxipor vhc
3458,pramosone
3459,prednicarbate
3460,proctofoam hc
3461,r a acne
3462,resinol
3463,resorcinol
3464,scytera
3465,siliq
3466,sorilux
3467,synalar ointment
3468,tarsum
3469,theraplex t
3470,tovet
3471,ultralytic
3472,ultralytic 2
3473,ultravate
3474,verdeso
3475,wynzora
3476,yusimry
3477,zithranol
3478,zithranol-rr
3479,methotrexate
3480,enbrel
3481,humira
3482,sulfasalazine
3483,prednisone
3484,actemra
3485,hydroxychloroquine
3486,meloxicam
3487,celebrex
3488,remicade
3489,plaquenil
3490,cimzia
3491,etanercept
3492,simponi
3493,adalimumab
3494,azulfidine
3495,rinvoq
3496,rituximab
3497,tocilizumab
3498,infliximab
3499,anakinra
3500,avsola
3501,certolizumab
3502,golimumab
3503,inflectra
3504,kineret
3505,olumiant
3506,renflexis
3507,upadacitinib
3508,leflunomide
3509,diclofenac
3510,arava
3511,mobic
3512,naproxen
3513,celecoxib
3514,orencia
3515,ibuprofen
3516,rituxan
3517,xeljanz
3518,acetaminophen / hydrocodone
3519,aspirin
3520,atorvastatin
3521,aleve
3522,arthritis pain
3523,aspergum
3524,aspiritab
3525,aspirtab
3526,bayer aspirin
3527,bayer aspirin extra strength plus
3528,easprin
3529,ecotrin
3530,ecpirin
3531,entercote
3532,genacote
3533,halfprin
3534,methylprednisolone
3535,nabumetone
3536,norwich aspirin
3537,rayos
3538,vazalore
3539,vimovo
3540,voltaren
3541,advil
3542,doxycycline
3543,etodolac
3544,motrin
3545,naprosyn
3546,proprinal
3547,a-g profen
3548,actiprofen
3549,addaprin
3550,azathioprine
3551,cataflam
3552,duexis
3553,genpril
3554,ibu-200
3555,medrol
3556,midol ib
3557,motrin ib
3558,nuprin
3559,rasuvo
3560,xeljanz xr
3561,aflaxen
3562,all day pain relief
3563,all day relief
3564,anaprox
3565,anaprox-ds
3566,arthrotec
3567,depo-medrol
3568,dexamethasone
3569,ec-naprosyn
3570,flanax pain reliever
3571,imuran
3572,indomethacin
3573,lofena
3574,medrol dosepak
3575,methylprednisolone dose pack
3576,naprelan
3577,otrexup
3578,piroxicam
3579,reditrex
3580,simponi aria
3581,sulindac
3582,trexall
3583,triamcinolone
3584,abatacept
3585,acetaminophen / tramadol
3586,aristospan
3587,auranofin
3588,azulfidine en-tabs
3589,clinacort
3590,cortisone
3591,cyclosporine
3592,daypro
3593,de-sone la
3594,dexamethasone intensol
3595,diclofenac / misoprostol
3596,dxevo
3597,esomeprazole / naproxen
3598,feldene
3599,indocin
3600,indocin sr
3601,kenalog-10
3602,kenalog-40
3603,ketoprofen
3604,kevzara
3605,minocycline
3606,mycophenolate mofetil
3607,oxaprozin
3608,phenytoin
3609,ridaura
3610,salsalate
3611,solu-medrol
3612,tofacitinib
3613,abrilada
3614,acetaminophen / aspirin
3615,acthar
3616,alemtuzumab
3617,amjevita
3618,arthricream
3619,asper-flex
3620,azasan
3621,baricitinib
3622,boroleum
3623,camphor / menthol / methyl salicylate
3624,castiva cooling
3625,clinoril
3626,corticotropin
3627,cuprimine
3628,cyclophosphamide
3629,cyltezo
3630,d-penamine
3631,depen
3632,diflunisal
3633,dolobid
3634,erelzi
3635,eticovo
3636,eucalyptamint
3637,exocaine plus
3638,famotidine / ibuprofen
3639,fenoprofen
3640,fenortho
3641,flurbiprofen
3642,gengraf
3643,gordogesic
3644,h.p. acthar gel
3645,hadlima
3646,heet triple action
3647,hulio
3648,hyrimoz
3649,interferon gamma-1b
3650,ixifi
3651,meclofenamate
3652,mentholatum deep heating
3653,methyl salicylate
3654,myoflex
3655,nalfon
3656,neoral
3657,penicillamine
3658,relafen ds
3659,riabni
3660,salonpas pain patch
3661,sarilumab
3662,satogesic
3663,tetracycline
3664,tolmetin
3665,trolamine salicylate
3666,ximino
3667,xodol
3668,yusimry
3669,seroquel
3670,latuda
3671,abilify
3672,risperidone
3673,clozapine
3674,olanzapine
3675,zyprexa
3676,vraylar
3677,risperdal
3678,abilify maintena
3679,quetiapine
3680,rexulti
3681,fanapt
3682,aristada
3683,clozaril
3684,caplyta
3685,lurasidone
3686,cariprazine
3687,brexpiprazole
3688,geodon
3689,aripiprazole
3690,lumateperone
3691,lybalvi
3692,invega
3693,seroquel xr
3694,chlorpromazine
3695,saphris
3696,invega sustenna
3697,ziprasidone
3698,risperdal consta
3699,loxapine
3700,paliperidone
3701,zyprexa zydis
3702,trifluoperazine
3703,zyprexa relprevv
3704,invega trinza
3705,thioridazine
3706,abilify mycite
3707,aristada initio
3708,fazaclo
3709,perseris
3710,thiothixene
3711,amisulpride
3712,asenapine
3713,zyprexa intramuscular
3714,versacloz
3715,adasuve
3716,iloperidone
3717,secuado
3718,invega hafyera
3719,olanzapine / samidorphan
3720,keppra
3721,levetiracetam
3722,diazepam
3723,topiramate
3724,diastat
3725,dilantin
3726,trokendi xr
3727,valtoco
3728,vimpat
3729,midazolam
3730,nayzilam
3731,sabril
3732,vigabatrin
3733,phenobarbital
3734,trileptal
3735,zonisamide
3736,phenytoin
3737,oxcarbazepine
3738,zonegran
3739,keppra xr
3740,valium
3741,topamax
3742,valproic acid
3743,primidone
3744,mysoline
3745,aptiom
3746,diastat acudial
3747,zarontin
3748,lacosamide
3749,phenytoin sodium
3750,diazepam intensol
3751,gabitril
3752,oxtellar xr
3753,diastat pediatric
3754,qudexy xr
3755,vitamin b6
3756,briviact
3757,elepsia xr
3758,eprontia
3759,ethosuximide
3760,roweepra
3761,spritam
3762,fycompa
3763,phenytek
3764,roweepra xr
3765,xcopri
3766,progesterone
3767,pyridoxine
3768,aminoxin
3769,brivaracetam
3770,celontin
3771,cenobamate
3772,eslicarbazepine
3773,methsuximide
3774,perampanel
3775,tiagabine
3776,zonisade
3777,ganaxolone
3778,vigadrone
3779,ztalmy
3780,plavix
3781,clopidogrel
3782,aspirin
3783,activase
3784,bayer aspirin
3785,easprin
3786,ecotrin
3787,alteplase
3788,arthritis pain
3789,ascriptin
3790,aspergum
3791,aspir-low
3792,bayer aspirin regimen
3793,genacote
3794,halfprin
3795,aspiritab
3796,aspirtab
3797,ecpirin
3798,entercote
3799,nimodipine
3800,norwich aspirin
3801,vazalore
3802,bayer aspirin extra strength plus
3803,tamiflu
3804,oseltamivir
3805,relenza
3806,zanamivir
3807,peramivir
3808,ciprofloxacin
3809,nitrofurantoin
3810,macrobid
3811,cipro
3812,sulfamethoxazole / trimethoprim
3813,bactrim
3814,amoxicillin
3815,amoxil
3816,doxycycline
3817,bactrim ds
3818,augmentin
3819,levofloxacin
3820,levaquin
3821,amoxicillin / clavulanate
3822,ceftriaxone
3823,macrodantin
3824,cefuroxime
3825,methenamine
3826,ceftin
3827,trimethoprim
3828,vibramycin
3829,ampicillin
3830,apo-amoxi
3831,septra
3832,septra ds
3833,uribel
3834,doxy 100
3835,cefixime
3836,cipro i.v.
3837,cipro xr
3838,doryx
3839,doryx mpc
3840,hiprex
3841,monodox
3842,morgidox
3843,oraxyl
3844,suprax
3845,ancef
3846,cefepime
3847,cefotaxime
3848,co-trimoxazole
3849,furadantin
3850,ofloxacin
3851,zosyn
3852,amikacin
3853,amoclan
3854,ampicillin / sulbactam
3855,augmentin xr
3856,cefadroxil
3857,cefazolin
3858,ceftazidime
3859,cilastatin / imipenem
3860,duricef
3861,ertapenem
3862,floxin
3863,hyophen
3864,invanz
3865,maxipime
3866,piperacillin / tazobactam
3867,sulfatrim pediatric
3868,unasyn
3869,urelle
3870,uro-mp
3871,urogesic blue
3872,ustell
3873,uta
3874,utira-c
3875,zinacef
3876,acetohydroxamic acid
3877,amikin
3878,amikin pediatric
3879,avibactam / ceftazidime
3880,avycaz
3881,azactam
3882,aztreonam
3883,azuphen mb
3884,benzoic acid / hyoscyamine / methenamine / methylene blue / phenyl salicylate
3885,cefaclor
3886,cefiderocol
3887,cefotan
3888,cefotetan
3889,cefoxitin
3890,ceftolozane / tazobactam
3891,cilastatin / imipenem / relebactam
3892,claforan
3893,fetroja
3894,fortaz
3895,hyolev mb
3896,hyoscyamine / methenamine / methylene blue / phenyl salicylate / sodium biphosphate
3897,hyoscyamine / methenamine / methylene blue / sodium biphosphate
3898,lithostat
3899,meropenem / vaborbactam
3900,phosphasal
3901,piperacillin
3902,plazomicin
3903,primaxin iv
3904,primsol
3905,recarbrio
3906,tazicef
3907,uretron ds
3908,urimar-t
3909,urin d/s
3910,urised
3911,uro-458
3912,uro-sp
3913,uroav-81
3914,uroav-b
3915,uticap
3916,utrona-c
3917,vabomere
3918,vilamit mb
3919,vilevev mb
3920,zemdri
3921,zerbaxa
3922,phentermine
3923,topiramate
3924,adipex-p
3925,semaglutide
3926,topamax
3927,contrave
3928,desoxyn
3929,alli
3930,bupropion
3931,orlistat
3932,xenical
3933,phendimetrazine
3934,diethylpropion
3935,qsymia
3936,saxenda
3937,methamphetamine
3938,pregnyl
3939,wegovy
3940,bupropion / naltrexone
3941,liraglutide
3942,phentermine / topiramate
3943,amphetamine
3944,bontril pdm
3945,chorionic gonadotropin (hcg)
3946,cimetidine
3947,lomaira
3948,methylphenidate
3949,atti-plex p
3950,benzphetamine
3951,desvenlafaxine
3952,tagamet hb
3953,evekeo
3954,fenfluramine
3955,fendique er
3956,imcivree
3957,setmelanotide
3958,tirzepatide
