drug_name,medical_condition
doxycycline,acne
spironolactone,acne
minocycline,acne
accutane,acne
clindamycin,acne
aldactone,acne
tretinoin,acne
isotretinoin,acne
bactrim,acne
retin-a,acne
aczone,acne
benzoyl peroxide,acne
differin,acne
epiduo,acne
adapalene,acne
cephalexin,acne
doryx,acne
tetracycline,acne
septra,acne
solodyn,acne
tazorac,acne
vibramycin,acne
acticlate,acne
benzoyl peroxide / clindamycin,acne
doxy 100,acne
keflex,acne
sulfamethoxazole / trimethoprim,acne
benzaclin,acne
monodox,acne
targadox,acne
adoxa,acne
adoxa ck,acne
adoxa pak,acne
adoxa tt,acne
avidoxy,acne
bactrim ds,acne
cleocin t,acne
clindagel,acne
doryx mpc,acne
erythromycin,acne
morgidox,acne
oraxyl,acne
claravis,acne
clinda-derm,acne
evoclin,acne
minocin,acne
yaz,acne
adapalene / benzoyl peroxide,acne
clindacin etz,acne
clindacin p,acne
clindacin pac,acne
clindareach pledget,acne
clindets,acne
milk of magnesia,acne
septra ds,acne
yasmin,acne
ziana,acne
absorica,acne
acanya,acne
amnesteem,acne
azelaic acid,acne
co-trimoxazole,acne
dapsone,acne
duac,acne
emcin clear,acne
epiduo forte,acne
erygel,acne
ery pads,acne
myorisan,acne
onexton,acne
phillips' milk of magnesia,acne
salicylic acid,acne
spotex,acne
theramycin z,acne
absorica ld,acne
achromycin v,acne
acne treatment,acne
acnex,acne
ala-tet,acne
amzeeq,acne
atralin,acne
avita,acne
azelex,acne
benzamycin,acne
benzoyl peroxide / erythromycin,acne
benzoyl peroxide / sulfur,acne
beyaz,acne
brodspec,acne
cleeravue-m,acne
clindamycin / tretinoin,acne
drospirenone / ethinyl estradiol,acne
dynacin,acne
estarylla,acne
ethinyl estradiol / norgestimate,acne
gianvi,acne
loryna,acne
magnesium hydroxide,acne
minocycline,acne
minolira,acne
ocella,acne
panoxyl,acne
panoxyl 10% acne foaming wash,acne
seysara,acne
sotret,acne
sulfacetamide sodium/sulfur,acne
tazarotene,acne
tri-previfem,acne
tri-sprintec,acne
veltin,acne
ximino,acne
zenatane,acne
acetoxyl,acne
acne-10,acne
acne-clear,acne
acnevir,acne
acnomel,acne
acnomel acne mask,acne
acnomel bp 5,acne
aklief,acne
aktipak,acne
akurza,acne
aliclen,acne
alquam-x acne therapy gel,acne
altabax,acne
altreno,acne
arazlo,acne
avar,acne
avar-e,acne
avar-e green,acne
avar-e ls,acne
avar cleanser,acne
avar ls,acne
avar ls cleanser,acne
benzac,acne
benzac ac,acne
benzac ac wash,acne
benzac w,acne
benzagel,acne
benzagel wash,acne
benzamycin pak,acne
benzashave,acne
benzefoam ultra,acne
benzepro,acne
benziq,acne
benzoyl peroxide / hydrocortisone,acne
benzoyl peroxide / salicylic acid,acne
benzoyl peroxide / tretinoin,acne
binora,acne
bp 10-wash,acne
bpo 6 foaming cloths,acne
bpo gel,acne
bp wash,acne
brevoxyl,acne
brevoxyl acne wash kit,acne
cerave sa renewing,acne
clarifoam ef,acne
clascoterone,acne
cleanse & treat,acne
cleanse & treat plus,acne
clearskin,acne
compound w,acne
dermalzone,acne
dhs salicylic acid 3%,acne
drospirenone / ethinyl estradiol / levomefolate calcium,acne
dulcolax milk of magnesia,acne
durasal,acne
enzoclear foam,acne
ethinyl estradiol / norethindrone,acne
ex-lax milk of magnesia,acne
fabior,acne
fostex,acne
fostex medicated,acne
fostex medicated cleansing cream,acne
fostex wash 10%,acne
hydrisalic,acne
inova,acne
inova 4/1,acne
inova 8/2,acne
jasmiel,acne
liquimat light,acne
liquimat medium,acne
lo-zumandimine,acne
meted,acne
mono-linyah,acne
neuac,acne
neutrogena clear pore cleanser/mask,acne
neutrogena rapid clear stubborn acne,acne
nikki,acne
oscion,acne
oxy-10,acne
oxy daily wash,acne
p & s,acne
panoxyl 4% acne creamy wash,acne
pernox,acne
persa-gel,acne
plexion,acne
propa ph acne med cleansing,acne
r a acne,acne
resinol,acne
resorcinol / sulfur,acne
resorcinol,acne
retapamulin,acne
riax,acne
sal-plant gel,acne
salactic film,acne
salex,acne
salicylic acid/sulfur,acne
salvax,acne
sarecycline,acne
sastid,acne
scalpicin scalp relief,acne
sebulex,acne
soluclenz rx,acne
sss 10-4,acne
sss 10-5,acne
sss cleanser,acne
stri-dex,acne
stridex body focus,acne
stridex maximum strength,acne
sulfacleanse 8/4,acne
sulfoam,acne
sulfur,acne
sulpho-lac soap,acne
sumadan,acne
sumaxin,acne
suphera,acne
syeda,acne
tinamed plantar,acne
tri-estarylla,acne
tri-linyah,acne
tri-lo-marzia,acne
trifarotene,acne
twyneo,acne
vanoxide-hc,acne
winlevi,acne
z-clinz 10,acne
zarah,acne
zumandimine,acne
vyvanse,adhd
adderall,adhd
adderall xr,adhd
concerta,adhd
lisdexamfetamine,adhd
daytrana,adhd
quillivant xr,adhd
amantadine,adhd
cotempla xr-odt,adhd
jornay pm,adhd
methylphenidate,adhd
quillichew er,adhd
azstarys,adhd
qelbree,adhd
strattera,adhd
dexedrine,adhd
amphetamine / dextroamphetamine,adhd
ritalin,adhd
dextroamphetamine,adhd
bupropion,adhd
clonidine,adhd
intuniv,adhd
desoxyn,adhd
guanfacine,adhd
focalin,adhd
atomoxetine,adhd
focalin xr,adhd
amphetamine,adhd
ritalin la,adhd
kapvay,adhd
methylin,adhd
dexmethylphenidate,adhd
methamphetamine,adhd
modafinil,adhd
metadate cd,adhd
methylin er,adhd
omega-3 polyunsaturated fatty acids,adhd
procentra,adhd
selegiline,adhd
zenzedi,adhd
adhansia xr,adhd
aptensio xr,adhd
armodafinil,adhd
desvenlafaxine,adhd
evekeo,adhd
mydayis,adhd
relexxii,adhd
adzenys er,adhd
adzenys xr-odt,adhd
desipramine,adhd
dyanavel xr,adhd
evekeo odt,adhd
imipramine,adhd
dexmethylphenidate / serdexmethylphenidate,adhd
viloxazine,adhd
truvada,aids/hiv
biktarvy,aids/hiv
triumeq,aids/hiv
genvoya,aids/hiv
stribild,aids/hiv
atripla,aids/hiv
descovy,aids/hiv
norvir,aids/hiv
isentress,aids/hiv
dovato,aids/hiv
tivicay,aids/hiv
abacavir / dolutegravir / lamivudine,aids/hiv
prezista,aids/hiv
bictegravir / emtricitabine / tenofovir alafenamide,aids/hiv
cobicistat / elvitegravir / emtricitabine / tenofovir,aids/hiv
cabenuva,aids/hiv
dolutegravir / lamivudine,aids/hiv
emtricitabine / tenofovir alafenamide,aids/hiv
complera,aids/hiv
reyataz,aids/hiv
epzicom,aids/hiv
ritonavir,aids/hiv
lamivudine,aids/hiv
tenofovir,aids/hiv
viread,aids/hiv
dolutegravir,aids/hiv
kaletra,aids/hiv
epivir,aids/hiv
intelence,aids/hiv
sustiva,aids/hiv
abacavir,aids/hiv
efavirenz / emtricitabine / tenofovir,aids/hiv
emtricitabine / tenofovir,aids/hiv
darunavir,aids/hiv
efavirenz,aids/hiv
odefsey,aids/hiv
raltegravir,aids/hiv
abacavir / lamivudine,aids/hiv
prezcobix,aids/hiv
viramune,aids/hiv
combivir,aids/hiv
ziagen,aids/hiv
zidovudine,aids/hiv
atazanavir,aids/hiv
emtricitabine,aids/hiv
emtriva,aids/hiv
edurant,aids/hiv
lexiva,aids/hiv
nevirapine,aids/hiv
retrovir,aids/hiv
selzentry,aids/hiv
juluca,aids/hiv
symtuza,aids/hiv
trizivir,aids/hiv
epivir-hbv,aids/hiv
etravirine,aids/hiv
isentress hd,aids/hiv
lamivudine / tenofovir,aids/hiv
lopinavir / ritonavir,aids/hiv
maraviroc,aids/hiv
tivicay pd,aids/hiv
viramune xr,aids/hiv
accesspak for hiv pep basic,aids/hiv
delstrigo,aids/hiv
efavirenz / lamivudine / tenofovir,aids/hiv
emtricitabine / rilpivirine / tenofovir,aids/hiv
evotaz,aids/hiv
fuzeon,aids/hiv
lamivudine / zidovudine,aids/hiv
pifeltro,aids/hiv
viracept,aids/hiv
abacavir / lamivudine / zidovudine,aids/hiv
aptivus,aids/hiv
cimduo,aids/hiv
cobicistat / darunavir,aids/hiv
cobicistat / elvitegravir / emtricitabine / tenofovir alafenamide,aids/hiv
cobicistat,aids/hiv
doravirine,aids/hiv
elvitegravir,aids/hiv
enfuvirtide,aids/hiv
ibalizumab,aids/hiv
immune globulin intravenous,aids/hiv
invirase,aids/hiv
nelfinavir,aids/hiv
rilpivirine,aids/hiv
rukobia,aids/hiv
saquinavir,aids/hiv
symfi,aids/hiv
symfi lo,aids/hiv
temixys,aids/hiv
trogarzo,aids/hiv
tybost,aids/hiv
accesspak for hiv pep expanded with kaletra,aids/hiv
accesspak for hiv pep expanded with viracept,aids/hiv
atazanavir / cobicistat,aids/hiv
cabotegravir / rilpivirine,aids/hiv
cabotegravir,aids/hiv
cobicistat / darunavir / emtricitabine / tenofovir alafenamide,aids/hiv
dolutegravir / rilpivirine,aids/hiv
doravirine / lamivudine / tenofovir,aids/hiv
emtricitabine / lopinavir / ritonavir / tenofovir,aids/hiv
emtricitabine / nelfinavir / tenofovir,aids/hiv
emtricitabine / rilpivirine / tenofovir alafenamide,aids/hiv
fosamprenavir,aids/hiv
fostemsavir,aids/hiv
lamivudine / nevirapine / zidovudine,aids/hiv
tipranavir,aids/hiv
triumeq pd,aids/hiv
vocabria,aids/hiv
hydroxyzine,allergies
levocetirizine,allergies
loratadine,allergies
xyzal,allergies
doxylamine,allergies
corticotropin,allergies
acthar,allergies
chlorpheniramine / ibuprofen / phenylephrine,allergies
dexbrompheniramine,allergies
ala-hist ir,allergies
dexbrompheniramine / phenylephrine,allergies
equaline sleep aid,allergies
equate sleep aid,allergies
h.p. acthar gel,allergies
aricept,alzheimer's
donepezil,alzheimer's
namenda,alzheimer's
memantine,alzheimer's
etanercept,alzheimer's
exelon,alzheimer's
galantamine,alzheimer's
namenda xr,alzheimer's
rivastigmine,alzheimer's
aricept odt,alzheimer's
namzaric,alzheimer's
vitamin e,alzheimer's
donepezil / memantine,alzheimer's
razadyne,alzheimer's
razadyne er,alzheimer's
adlarity,alzheimer's
hydergine,alzheimer's
alpha e,alzheimer's
ergoloid mesylates,alzheimer's
aduhelm,alzheimer's
aqua gem-e,alzheimer's
aquasol e,alzheimer's
e-400 clear,alzheimer's
e-600,alzheimer's
e-gems,alzheimer's
e pherol,alzheimer's
aducanumab,alzheimer's
aspirin,angina
nitroglycerin,angina
ranexa,angina
metoprolol,angina
isosorbide mononitrate,angina
amlodipine,angina
nitrostat,angina
ranolazine,angina
enoxaparin,angina
isosorbide dinitrate,angina
atenolol,angina
carvedilol,angina
norvasc,angina
lopressor,angina
bayer aspirin,angina
coreg,angina
toprol-xl,angina
amlodipine / atorvastatin,angina
ecotrin,angina
propranolol,angina
easprin,angina
nitrolingual pumpspray,angina
verapamil,angina
bayer aspirin regimen,angina
caduet,angina
aspir-low,angina
katerzia,angina
lovenox,angina
norliqva,angina
arthritis pain,angina
ascriptin,angina
aspergum,angina
aspiritab,angina
aspirtab,angina
bayer aspirin extra strength plus,angina
ecpirin,angina
entercote,angina
genacote,angina
halfprin,angina
nitro-dur,angina
norwich aspirin,angina
tenormin,angina
vazalore,angina
coreg cr,angina
corgard,angina
heparin,angina
inderal la,angina
kapspargo sprinkle,angina
nitro-bid,angina
fragmin,angina
nadolol,angina
nitro td patch-a,angina
amyl nitrite,angina
angiomax,angina
bivalirudin,angina
calan sr,angina
dalteparin,angina
dilatrate-sr,angina
eptifibatide,angina
gonitro,angina
integrilin,angina
isochron,angina
isoditrate,angina
isordil titradose,angina
minitran,angina
nitro-time,angina
nitromist,angina
timolol,angina
verelan,angina
verelan pm,angina
aspruzyo sprinkle,angina
xanax,anxiety
clonazepam,anxiety
alprazolam,anxiety
lorazepam,anxiety
buspirone,anxiety
diazepam,anxiety
ativan,anxiety
hydroxyzine,anxiety
lexapro,anxiety
buspar,anxiety
escitalopram,anxiety
valium,anxiety
gabapentin,anxiety
propranolol,anxiety
cymbalta,anxiety
bupropion,anxiety
effexor xr,anxiety
trazodone,anxiety
duloxetine,anxiety
paxil,anxiety
clonidine,anxiety
venlafaxine,anxiety
mirtazapine,anxiety
paroxetine,anxiety
alprazolam intensol,anxiety
lamotrigine,anxiety
tramadol,anxiety
atenolol,anxiety
risperidone,anxiety
tenormin,anxiety
tranxene,anxiety
lorazepam intensol,anxiety
clorazepate,anxiety
doxepin,anxiety
oxazepam,anxiety
paxil cr,anxiety
amitriptyline / perphenazine,anxiety
chlordiazepoxide,anxiety
desvenlafaxine,anxiety
diazepam intensol,anxiety
loreev xr,anxiety
oxcarbazepine,anxiety
pexeva,anxiety
phenytoin,anxiety
prochlorperazine,anxiety
amitriptyline / chlordiazepoxide,anxiety
compro,anxiety
corgard,anxiety
meprobamate,anxiety
nadolol,anxiety
nefazodone,anxiety
tranxene t-tab,anxiety
trifluoperazine,anxiety
vilazodone,anxiety
singulair,asthma
montelukast,asthma
prednisone,asthma
trelegy ellipta,asthma
fasenra,asthma
nucala,asthma
benralizumab,asthma
fluticasone / umeclidinium / vilanterol,asthma
mepolizumab,asthma
tezepelumab,asthma
tezspire,asthma
dulera,asthma
atrovent,asthma
breo ellipta,asthma
ipratropium,asthma
methylprednisolone,asthma
atrovent hfa,asthma
dexamethasone,asthma
alvesco,asthma
levalbuterol,asthma
ipratropium inhalation solution,asthma
rayos,asthma
fluticasone / vilanterol,asthma
formoterol / mometasone,asthma
medrol,asthma
methylprednisolone dose pack,asthma
triamcinolone,asthma
dexamethasone intensol,asthma
kenalog-40,asthma
medrol dosepak,asthma
depo-medrol,asthma
solu-medrol,asthma
xopenex,asthma
xopenex hfa,asthma
caffeine,asthma
ciclesonide,asthma
de-sone la,asthma
dxevo,asthma
dyphylline / guaifenesin,asthma
ipratropium inhalation aerosol,asthma
cinqair,asthma
reslizumab,asthma
salbutamol,asthma
xopenex concentrate,asthma
difil-g forte,asthma
lamictal,bipolar disorder
lamotrigine,bipolar disorder
latuda,bipolar disorder
seroquel,bipolar disorder
abilify,bipolar disorder
topiramate,bipolar disorder
vraylar,bipolar disorder
lithium,bipolar disorder
lurasidone,bipolar disorder
abilify maintena,bipolar disorder
cariprazine,bipolar disorder
caplyta,bipolar disorder
lumateperone,bipolar disorder
lybalvi,bipolar disorder
quetiapine,bipolar disorder
depakote,bipolar disorder
gabapentin,bipolar disorder
bupropion,bipolar disorder
clonazepam,bipolar disorder
seroquel xr,bipolar disorder
divalproex sodium,bipolar disorder
risperdal,bipolar disorder
geodon,bipolar disorder
oxcarbazepine,bipolar disorder
sertraline,bipolar disorder
zyprexa,bipolar disorder
risperidone,bipolar disorder
aripiprazole,bipolar disorder
depakote er,bipolar disorder
olanzapine,bipolar disorder
saphris,bipolar disorder
venlafaxine,bipolar disorder
citalopram,bipolar disorder
carbamazepine,bipolar disorder
duloxetine,bipolar disorder
escitalopram,bipolar disorder
ziprasidone,bipolar disorder
clonidine,bipolar disorder
symbyax,bipolar disorder
valproic acid,bipolar disorder
armodafinil,bipolar disorder
fluoxetine / olanzapine,bipolar disorder
lamictal odt,bipolar disorder
levetiracetam,bipolar disorder
lithobid,bipolar disorder
zyprexa zydis,bipolar disorder
asenapine,bipolar disorder
desvenlafaxine,bipolar disorder
equetro,bipolar disorder
iloperidone,bipolar disorder
lamictal cd,bipolar disorder
paliperidone,bipolar disorder
perphenazine,bipolar disorder
risperdal consta,bipolar disorder
tiagabine,bipolar disorder
verapamil,bipolar disorder
abilify mycite,bipolar disorder
depakote sprinkles,bipolar disorder
zyprexa intramuscular,bipolar disorder
olanzapine / samidorphan,bipolar disorder
mucinex,bronchitis
azithromycin,bronchitis
azithromycin dose pack,bronchitis
doxycycline,bronchitis
amoxicillin,bronchitis
guaifenesin,bronchitis
levofloxacin,bronchitis
augmentin,bronchitis
levaquin,bronchitis
zithromax,bronchitis
amoxicillin / clavulanate,bronchitis
clarithromycin,bronchitis
cefdinir,bronchitis
ciprofloxacin,bronchitis
amoxil,bronchitis
cefuroxime,bronchitis
avelox,bronchitis
cipro,bronchitis
bactrim,bronchitis
erythromycin,bronchitis
sulfamethoxazole / trimethoprim,bronchitis
bactrim ds,bronchitis
ceftin,bronchitis
ceftriaxone,bronchitis
apo-amoxi,bronchitis
beclomethasone,bronchitis
doxy 100,bronchitis
moxifloxacin,bronchitis
cefixime,bronchitis
mucinex maximum strength,bronchitis
vibramycin,bronchitis
cipro i.v.,bronchitis
cipro xr,bronchitis
doryx,bronchitis
doryx mpc,bronchitis
monodox,bronchitis
morgidox,bronchitis
oraxyl,bronchitis
robafen,bronchitis
septra ds,bronchitis
augmentin xr,bronchitis
biaxin xl,bronchitis
cefpodoxime,bronchitis
cefprozil,bronchitis
ery-tab,bronchitis
guaifenex g,bronchitis
septra,bronchitis
suprax,bronchitis
tetracycline,bronchitis
achromycin v,bronchitis
ala-tet,bronchitis
altarussin,bronchitis
amibid la,bronchitis
amoclan,bronchitis
ampicillin,bronchitis
balminil expectorant,bronchitis
benylin e,bronchitis
bidex-400,bronchitis
brodspec,bronchitis
cefzil,bronchitis
co-trimoxazole,bronchitis
dicloxacillin,bronchitis
drituss g,bronchitis
e.e.s. granules,bronchitis
eryc,bronchitis
eryped,bronchitis
erythrocin,bronchitis
erythrocin lactobionate,bronchitis
fenesin ir,bronchitis
floxin,bronchitis
gemifloxacin,bronchitis
guaifenex la,bronchitis
guiatuss,bronchitis
hytuss,bronchitis
mucinex for kids,bronchitis
ofloxacin,bronchitis
pce dispertab,bronchitis
scot-tussin expectorant,bronchitis
sulfatrim pediatric,bronchitis
tussin expectorant,bronchitis
xpect,bronchitis
zinacef,bronchitis
avelox i.v.,bronchitis
cefaclor,bronchitis
cilastatin / imipenem,bronchitis
difil-g forte,bronchitis
dycill,bronchitis
dynapen,bronchitis
dyphylline / guaifenesin,bronchitis
factive,bronchitis
primaxin iv,bronchitis
carboplatin,cancer
leukeran,cancer
chlorambucil,cancer
fluorouracil,cancer
doxorubicin,cancer
etoposide,cancer
cyclophosphamide,cancer
vincristine,cancer
cosmegen,cancer
etopophos,cancer
ifex,cancer
toposar,cancer
vinblastine,cancer
hycamtin,cancer
ifosfamide,cancer
dactinomycin,cancer
fludarabine,cancer
tepadina,cancer
thiotepa,cancer
topotecan,cancer
atorvastatin,cholesterol
simvastatin,cholesterol
lipitor,cholesterol
zetia,cholesterol
ezetimibe,cholesterol
crestor,cholesterol
repatha,cholesterol
alirocumab,cholesterol
evolocumab,cholesterol
praluent,cholesterol
rosuvastatin,cholesterol
pravastatin,cholesterol
lovastatin,cholesterol
zocor,cholesterol
gemfibrozil,cholesterol
vytorin,cholesterol
livalo,cholesterol
niacin,cholesterol
altocor,cholesterol
niaspan,cholesterol
welchol,cholesterol
altoprev,cholesterol
ezetimibe / simvastatin,cholesterol
fenofibric acid,cholesterol
slo-niacin,cholesterol
colesevelam,cholesterol
ezallor,cholesterol
flolipid,cholesterol
lopid,cholesterol
pitavastatin,cholesterol
amlodipine / atorvastatin,cholesterol
atorvastatin / ezetimibe,cholesterol
fluvastatin,cholesterol
lescol xl,cholesterol
mycophenolate mofetil,cholesterol
niacor,cholesterol
trilipix,cholesterol
caduet,cholesterol
ezetimibe / rosuvastatin,cholesterol
fibricor,cholesterol
inclisiran,cholesterol
juxtapid,cholesterol
leqvio,cholesterol
lomitapide,cholesterol
lypqozet,cholesterol
roszet,cholesterol
zypitamag,cholesterol
benadryl,colds & flu
diphenhydramine,colds & flu
vicks nyquil d cold and flu nighttime relief,colds & flu
vicks nyquil cold & flu nighttime relief,colds & flu
chlorpheniramine,colds & flu
coricidin hbp cold & flu,colds & flu
vicks dayquil severe cold & flu,colds & flu
benadryl allergy,colds & flu
vicks dayquil cold & flu relief,colds & flu
vicks nyquil severe cold & flu,colds & flu
promethazine dm,colds & flu
tylenol cold & flu severe,colds & flu
vicks vaporub,colds & flu
coricidin hbp maximum strength flu,colds & flu
theraflu nighttime severe cold & cough,colds & flu
acetaminophen / chlorpheniramine / phenylephrine,colds & flu
sudafed pe cold & cough,colds & flu
banophen,colds & flu
benadryl allergy plus cold,colds & flu
pseudoephedrine / triprolidine,colds & flu
tussionex pennkinetic,colds & flu
chlor-trimeton,colds & flu
diphedryl,colds & flu
diphen,colds & flu
complete allergy relief,colds & flu
tylenol cold,colds & flu
allermax,colds & flu
bronkaid,colds & flu
dicopanol,colds & flu
dytuss,colds & flu
mucinex fast-max night time cold & flu,colds & flu
scot-tussin allergy,colds & flu
siladryl allergy,colds & flu
sudafed pe sinus & allergy,colds & flu
twilite,colds & flu
tylenol cold multi-symptom severe,colds & flu
valu-dryl,colds & flu
vanamine pd,colds & flu
virtussin dac,colds & flu
benadryl allergy plus sinus headache,colds & flu
primatene,colds & flu
acetaminophen / dextromethorphan / doxylamine / pseudoephedrine,colds & flu
acetaminophen / dextromethorphan / guaifenesin / phenylephrine,colds & flu
acetaminophen / dextromethorphan / phenylephrine,colds & flu
aller-chlor,colds & flu
allergy relief,colds & flu
brompheniramine,colds & flu
mucinex fast-max severe cold,colds & flu
mucinex fast-max severe congestion & cold,colds & flu
sudafed pe pressure+pain+cold,colds & flu
sudafed pe severe cold,colds & flu
tylenol cold max day,colds & flu
vicks nyquil cold & flu nighttime relief (alcohol free),colds & flu
wal-finate,colds & flu
acetaminophen / chlorpheniramine / dextromethorphan / pseudoephedrine,colds & flu
acetaminophen / chlorpheniramine,colds & flu
actifed cold and allergy,colds & flu
advil allergy sinus,colds & flu
alka-seltzer plus cold formula sparkling original effervescent tablets,colds & flu
aprodine,colds & flu
aspirin / chlorpheniramine / phenylephrine,colds & flu
c.p.m.,colds & flu
camphor / eucalyptus / menthol,colds & flu
cheratussin dac,colds & flu
chlo-amine,colds & flu
chlor-mal,colds & flu
chlorpheniramine / hydrocodone,colds & flu
chlorpheniramine / phenylephrine,colds & flu
chlortan,colds & flu
codeine / guaifenesin / pseudoephedrine,colds & flu
coricidin hbp nighttime multi-symptom cold,colds & flu
dextromethorphan / promethazine,colds & flu
diphenhydramine / phenylephrine,colds & flu
drixoral cold and allergy,colds & flu
ed-chlortan,colds & flu
ed a-hist,colds & flu
ed chlorped,colds & flu
ed chlor ped jr.,colds & flu
ephedrine / guaifenesin,colds & flu
robitussin peak cold nighttime nasal relief,colds & flu
theraflu daytime severe cold & cough,colds & flu
tussicaps,colds & flu
tylenol cold multi-symptom nighttime,colds & flu
a-phedrin,colds & flu
acetaminophen / chlorpheniramine / dextromethorphan / phenylephrine,colds & flu
acetaminophen / dextromethorphan / doxylamine / phenylephrine,colds & flu
acetaminophen / dextromethorphan / doxylamine,colds & flu
acetaminophen / dextromethorphan / guaifenesin / pseudoephedrine,colds & flu
acetaminophen / dextromethorphan / pseudoephedrine,colds & flu
acetaminophen / diphenhydramine / phenylephrine,colds & flu
acetaminophen / pheniramine / phenylephrine,colds & flu
advil congestion relief,colds & flu
advil sinus congestion & pain,colds & flu
ala-hist pe,colds & flu
alka-seltzer plus-d multi-symptom sinus & cold liquid gels,colds & flu
allergy multi-symptom,colds & flu
biotussin dac,colds & flu
bromatan plus,colds & flu
bromax,colds & flu
camphor,colds & flu
capron dm,colds & flu
children's triacting night time,colds & flu
childrens tylenol cold plus cough,colds & flu
chlo hist,colds & flu
chlophedianol / pyrilamine,colds & flu
chlorpheniramine / ibuprofen / pseudoephedrine,colds & flu
chlorpheniramine / phenylephrine / pyrilamine,colds & flu
cold multi-symptom (nighttime),colds & flu
comtrex cold and cough maximum strength,colds & flu
comtrex cold and flu maximum strength tablet,colds & flu
contac cold + flu (night formula),colds & flu
delsym cough+ cold day time,colds & flu
delsym cough+ cold night time,colds & flu
deltuss dmx,colds & flu
dexbrompheniramine / pseudoephedrine,colds & flu
dextromethorphan / phenylephrine / pyrilamine,colds & flu
dextromethorphan / phenylephrine / triprolidine,colds & flu
diabetic tussin night time formula,colds & flu
dologen,colds & flu
doxylamine / phenylephrine,colds & flu
dristan cold multi symptom formula,colds & flu
flutabs,colds & flu
ibuprofen / phenylephrine,colds & flu
"mucinex children's cold, cough & sore throat",colds & flu
ninjacof,colds & flu
norel ad,colds & flu
phenylephrine / promethazine,colds & flu
poly-tussin ac,colds & flu
poly hist forte,colds & flu
robitussin peak cold nighttime cold + flu,colds & flu
ru-hist forte,colds & flu
sinus & allergy pe,colds & flu
sudafed pe head congestion + pain,colds & flu
sudafed pe pressure+pain+cough,colds & flu
theraflu flu & sore throat,colds & flu
theraflu nighttime severe cold & cough caplets,colds & flu
theraflu sinus & cold,colds & flu
theraflu warming relief daytime severe cold & cough,colds & flu
theraflu warming relief nighttime severe cold & cough,colds & flu
triaminic multi-symptom fever,colds & flu
tylenol children’s cold + cough + runny nose,colds & flu
tylenol children’s cold + flu,colds & flu
tylenol cold & cough nighttime,colds & flu
tylenol cold multi-symptom nighttime liquid,colds & flu
tylenol plus children's cold,colds & flu
tylenol sinus congestion & pain nighttime,colds & flu
vicks vaposteam,colds & flu
abatuss dmx,colds & flu
acetaminophen / caffeine,colds & flu
acetaminophen / chlorpheniramine / dextromethorphan / guaifenesin,colds & flu
acetaminophen / chlorpheniramine / dextromethorphan,colds & flu
acetaminophen / dexbrompheniramine,colds & flu
acetaminophen / dextromethorphan / diphenhydramine,colds & flu
acetaminophen / dextromethorphan / triprolidine,colds & flu
acetaminophen / dextromethorphan,colds & flu
advil children's allergy sinus,colds & flu
alahist d,colds & flu
allan tannate pediatric,colds & flu
allerest pe,colds & flu
allerfrim,colds & flu
ambifed cd,colds & flu
aphedrid,colds & flu
avedana medicated chest rub,colds & flu
benadryl allergy plus congestion,colds & flu
bp allergy jr,colds & flu
brompheniramine / codeine / phenylephrine,colds & flu
c-tanna 12,colds & flu
camphor / menthol,colds & flu
capron dmt,colds & flu
carbetapentane / chlorpheniramine,colds & flu
children's triacting,colds & flu
chlophedianol / dexbrompheniramine,colds & flu
chlophedianol / dexchlorpheniramine / pseudoephedrine,colds & flu
chlorcyclizine / phenylephrine,colds & flu
chlorex-a 12,colds & flu
chlorex a,colds & flu
chlorpheniramine / codeine / pseudoephedrine,colds & flu
chlorpheniramine / codeine,colds & flu
chlorpheniramine / phenylephrine / phenyltoloxamine,colds & flu
chlortan d,colds & flu
clear cough pm multi-symptom,colds & flu
codar ar,colds & flu
codeine / phenylephrine / triprolidine,colds & flu
codimal dm,colds & flu
coditussin dac,colds & flu
comtrex cold & cough,colds & flu
comtrex nighttime cold & cough,colds & flu
comtrex severe cold & sinus,colds & flu
conal,colds & flu
conex,colds & flu
contac cold + flu (night) cooling relief liquid,colds & flu
dallergy,colds & flu
dallergy drops,colds & flu
decorel forte plus,colds & flu
delsym cough & sore throat,colds & flu
delsym night time multi-symptom,colds & flu
dexbrompheniramine / phenylephrine,colds & flu
dexchlorpheniramine / dextromethorphan / pseudoephedrine,colds & flu
dextromethorphan / diphenhydramine / phenylephrine,colds & flu
dextromethorphan / pyrilamine,colds & flu
dixaphedrine,colds & flu
duraflu,colds & flu
dytan-d,colds & flu
dytan-dm,colds & flu
ed chlorped d,colds & flu
excedrin quick tab,colds & flu
excedrin tension headache,colds & flu
fast freeze,colds & flu
flu & severe cold & cough daytime powder,colds & flu
freeze it,colds & flu
gnp cold relief plus,colds & flu
guaifen dac,colds & flu
histafed,colds & flu
histex-ac,colds & flu
histex-dm,colds & flu
histex-pe,colds & flu
lortuss ex,colds & flu
m-end pe,colds & flu
medicidin-d,colds & flu
mucinex nightshift cold & flu,colds & flu
nalex-a,colds & flu
nalex a 12,colds & flu
nohist lq,colds & flu
novahistine,colds & flu
onset forte,colds & flu
panatuss ped,colds & flu
phena-plus,colds & flu
phenagil,colds & flu
pheniramine / phenylephrine,colds & flu
phenylephrine / triprolidine,colds & flu
robitussin peak cold daytime cold + flu,colds & flu
sutan-dm,colds & flu
tannic-12 s,colds & flu
theracaps multi-symptom cough & cold reliever,colds & flu
triaminic softchews cough & sore throat,colds & flu
tricode gf,colds & flu
tusnel c,colds & flu
tuzistra xr,colds & flu
tylenol allergy multi-symptom,colds & flu
tylenol children’s cold + cough + sore throat,colds & flu
tylenol cough & sore throat nightime,colds & flu
tylenol cough and sore throat daytime,colds & flu
vanacof,colds & flu
vi-sudo,colds & flu
vicks formula 44 custom care cough & cold pm,colds & flu
zodryl dac,colds & flu
docusate,constipation
miralax,constipation
colace,constipation
dulcolax,constipation
bisacodyl,constipation
polyethylene glycol 3350,constipation
dulcolax stool softener,constipation
milk of magnesia,constipation
magnesium oxide,constipation
magnesium citrate,constipation
metamucil,constipation
citrucel,constipation
doc-q-lace,constipation
fibercon,constipation
phillips' milk of magnesia,constipation
dok,constipation
fleet enema,constipation
glycolax,constipation
psyllium,constipation
magnesium hydroxide,constipation
surfak,constipation
enemeez mini,constipation
bisa-lax,constipation
clearlax,constipation
colace micro-enema,constipation
correctol,constipation
diocto,constipation
fleet bisacodyl,constipation
phillips' cramp-free,constipation
citrate of magnesia,constipation
gavilax,constipation
gialax,constipation
mag-oxide,constipation
peg3350,constipation
purelax,constipation
sunmark clearlax,constipation
uro-mag,constipation
citroma,constipation
glycerin,constipation
hydrocil,constipation
konsyl,constipation
methylcellulose,constipation
reguloid,constipation
sodium biphosphate / sodium phosphate,constipation
disposable enema,constipation
dulcolax milk of magnesia,constipation
equalactin,constipation
ex-lax milk of magnesia,constipation
fiber lax,constipation
fiber laxative,constipation
fleet glycerin suppositories adult,constipation
fleet phospho soda,constipation
mineral oil,constipation
natural fiber therapy,constipation
osmoprep,constipation
pedia-lax chewable tablets,constipation
pedia-lax liquid glycerin suppositories,constipation
polycarbophil,constipation
sani-supp,constipation
sorbitol,constipation
benzocaine / docusate,constipation
castor oil,constipation
fibertab,constipation
fleet glycerin suppositories pediatric,constipation
potassium phosphate,constipation
symbicort,copd
trelegy ellipta,copd
prednisone,copd
montelukast,copd
breztri aerosphere,copd
fluticasone / umeclidinium / vilanterol,copd
anoro ellipta,copd
breo ellipta,copd
daliresp,copd
budesonide / formoterol,copd
tudorza pressair,copd
incruse ellipta,copd
stiolto respimat,copd
rayos,copd
aclidinium,copd
fluticasone / vilanterol,copd
levalbuterol,copd
roflumilast,copd
umeclidinium / vilanterol,copd
bevespi aerosphere,copd
xopenex,copd
olodaterol / tiotropium,copd
striverdi respimat,copd
xopenex hfa,copd
olodaterol,copd
revefenacin,copd
umeclidinium,copd
xopenex concentrate,copd
yupelri,copd
aclidinium / formoterol,copd
breyna,copd
budesonide / formoterol / glycopyrrolate,copd
duaklir pressair,copd
formoterol / glycopyrrolate,copd
ivermectin,covid 19
remdesivir,covid 19
pfizer-biontech covid-19 vaccine,covid 19
paxlovid,covid 19
actemra,covid 19
tocilizumab,covid 19
anakinra,covid 19
kineret,covid 19
moderna covid-19 vaccine,covid 19
olumiant,covid 19
veklury,covid 19
molnupiravir,covid 19
regen-cov,covid 19
sotrovimab,covid 19
bamlanivimab / etesevimab,covid 19
lagevrio,covid 19
"sars-cov-2 (covid-19) ad26 vaccine, recombinant",covid 19
sars-cov-2 mrna (tozinameran) vaccine,covid 19
bamlanivimab and etesevimab,covid 19
baricitinib,covid 19
bebtelovimab,covid 19
comirnaty,covid 19
nirmatrelvir / ritonavir,covid 19
sars-cov-2 (covid-19) mrna-1273 vaccine,covid 19
pfizer-biontech covid-19 (5y-11y) bivalent booster vaccine pf,covid 19
pfizer-biontech covid-19 (12y+) bivalent booster vaccine pf,covid 19
sars-cov-2 (covid-19) mrna (tozinameran 5y-11y) bivalent booster vaccine,covid 19
sars-cov-2 (covid-19) mrna (tozinameran 12y+) bivalent booster vaccine,covid 19
sars-cov-2 (covid-19) mrna-1273 (bivalent booster) vaccine,covid 19
"sars-cov-2 (covid-19) nvx-cov2373 vaccine, recombinant",covid 19
sars-cov-2 mrna (tozinameran 6m-4y) vaccine,covid 19
sars-cov-2 mrna-1273 (6m-5y) vaccine,covid 19
sars-cov-2 mrna-1273 (booster only) vaccine,covid 19
spikevax,covid 19
bupropion,depression
cymbalta,depression
sertraline,depression
zoloft,depression
lexapro,depression
citalopram,depression
prozac,depression
fluoxetine,depression
wellbutrin xl,depression
celexa,depression
escitalopram,depression
venlafaxine,depression
trintellix,depression
abilify,depression
duloxetine,depression
effexor xr,depression
rexulti,depression
vortioxetine,depression
brexpiprazole,depression
lisdexamfetamine,depression
trazodone,depression
mirtazapine,depression
pristiq,depression
effexor,depression
paxil,depression
paroxetine,depression
remeron,depression
wellbutrin sr,depression
amitriptyline,depression
viibryd,depression
alprazolam,depression
lamotrigine,depression
tramadol,depression
seroquel xr,depression
aripiprazole,depression
quetiapine,depression
deplin,depression
nortriptyline,depression
zyprexa,depression
desyrel,depression
forfivo xl,depression
budeprion sr,depression
desvenlafaxine,depression
methylphenidate,depression
aplenzin,depression
desyrel dividose,depression
doxepin,depression
fetzima,depression
lithium,depression
olanzapine,depression
risperidone,depression
desipramine,depression
irenka,depression
modafinil,depression
nefazodone,depression
fluvoxamine,depression
imipramine,depression
l-methylfolate,depression
methylin er,depression
niacin,depression
parnate,depression
paxil cr,depression
remeron soltab,depression
symbyax,depression
abilify mycite,depression
amitriptyline / chlordiazepoxide,depression
amoxapine,depression
aventyl hydrochloride,depression
clomipramine,depression
emsam,depression
fluoxetine / olanzapine,depression
ketamine,depression
nardil,depression
norpramin,depression
pamelor,depression
pexeva,depression
phenelzine,depression
tranylcypromine,depression
vilazodone,depression
zyprexa zydis,depression
amitriptyline / perphenazine,depression
armodafinil,depression
atomoxetine,depression
isocarboxazid,depression
levomilnacipran,depression
marplan,depression
paliperidone,depression
selegiline,depression
tofranil,depression
trimipramine,depression
vivactil,depression
xaquil xr,depression
esketamine,depression
l-methylfolate forte,depression
protriptyline,depression
spravato,depression
surmontil,depression
thyroid desiccated,depression
humalog,diabetes (type 1)
lantus,diabetes (type 1)
novolog,diabetes (type 1)
insulin lispro,diabetes (type 1)
insulin aspart,diabetes (type 1)
lantus solostar,diabetes (type 1)
lyumjev,diabetes (type 1)
insulin detemir,diabetes (type 1)
levemir,diabetes (type 1)
insulin aspart/insulin aspart protamine,diabetes (type 1)
humalog kwikpen,diabetes (type 1)
novolog flexpen,diabetes (type 1)
apidra,diabetes (type 1)
insulin glargine,diabetes (type 1)
basaglar,diabetes (type 1)
tresiba,diabetes (type 1)
toujeo solostar,diabetes (type 1)
humulin n,diabetes (type 1)
humulin r,diabetes (type 1)
afrezza,diabetes (type 1)
novolin r,diabetes (type 1)
symlin,diabetes (type 1)
humulin 70/30,diabetes (type 1)
insulin regular,diabetes (type 1)
novolin n,diabetes (type 1)
admelog,diabetes (type 1)
fiasp,diabetes (type 1)
novolin 70/30,diabetes (type 1)
humalog mix 75/25,diabetes (type 1)
insulin glulisine,diabetes (type 1)
rezvoglar,diabetes (type 1)
semglee,diabetes (type 1)
toujeo max solostar,diabetes (type 1)
humulin r u-500 (concentrated),diabetes (type 1)
novolog mix 70/30,diabetes (type 1)
novolog penfill,diabetes (type 1)
octreotide,diabetes (type 1)
pramlintide,diabetes (type 1)
"insulin inhalation, rapid acting",diabetes (type 1)
insulin isophane,diabetes (type 1)
novolog mix 70/30 flexpen,diabetes (type 1)
humulin n pen,diabetes (type 1)
humulin r u-500 kwikpen,diabetes (type 1)
insulin degludec,diabetes (type 1)
insulin isophane / insulin regular,diabetes (type 1)
myxredlin,diabetes (type 1)
humalog mix 50/50,diabetes (type 1)
humalog mix 75/25 kwikpen,diabetes (type 1)
insulin lispro/insulin lispro protamine,diabetes (type 1)
symlin pen,diabetes (type 1)
symlinpen 60,diabetes (type 1)
symlinpen 120,diabetes (type 1)
humalog mix 50/50 kwikpen,diabetes (type 1)
humulin 50/50,diabetes (type 1)
humulin 70/30 pen,diabetes (type 1)
relion/novolin 70/30,diabetes (type 1)
tzield,diabetes (type 1)
metformin,diabetes (type 2)
farxiga,diabetes (type 2)
trulicity,diabetes (type 2)
rybelsus,diabetes (type 2)
dapagliflozin,diabetes (type 2)
dulaglutide,diabetes (type 2)
insulin aspart,diabetes (type 2)
insulin detemir,diabetes (type 2)
insulin lispro,diabetes (type 2)
lyumjev,diabetes (type 2)
semaglutide,diabetes (type 2)
soliqua,diabetes (type 2)
insulin aspart/insulin aspart protamine,diabetes (type 2)
insulin glargine / lixisenatide,diabetes (type 2)
januvia,diabetes (type 2)
mounjaro,diabetes (type 2)
victoza,diabetes (type 2)
glipizide,diabetes (type 2)
glimepiride,diabetes (type 2)
amaryl,diabetes (type 2)
invokana,diabetes (type 2)
lantus,diabetes (type 2)
actos,diabetes (type 2)
jardiance,diabetes (type 2)
levemir,diabetes (type 2)
janumet,diabetes (type 2)
glucotrol,diabetes (type 2)
byetta,diabetes (type 2)
ozempic,diabetes (type 2)
glumetza,diabetes (type 2)
liraglutide,diabetes (type 2)
pioglitazone,diabetes (type 2)
tradjenta,diabetes (type 2)
bydureon,diabetes (type 2)
humalog,diabetes (type 2)
lantus solostar,diabetes (type 2)
sitagliptin,diabetes (type 2)
novolog,diabetes (type 2)
glyburide,diabetes (type 2)
metformin / sitagliptin,diabetes (type 2)
onglyza,diabetes (type 2)
riomet,diabetes (type 2)
glipizide xl,diabetes (type 2)
insulin glargine,diabetes (type 2)
novolog flexpen,diabetes (type 2)
prandin,diabetes (type 2)
tresiba,diabetes (type 2)
canagliflozin,diabetes (type 2)
chromium picolinate,diabetes (type 2)
empagliflozin,diabetes (type 2)
exenatide,diabetes (type 2)
humulin r,diabetes (type 2)
repaglinide,diabetes (type 2)
acarbose,diabetes (type 2)
alogliptin,diabetes (type 2)
avandia,diabetes (type 2)
basaglar,diabetes (type 2)
glimepiride / pioglitazone,diabetes (type 2)
glucotrol xl,diabetes (type 2)
glyburide / metformin,diabetes (type 2)
humalog kwikpen,diabetes (type 2)
humulin n,diabetes (type 2)
kombiglyze xr,diabetes (type 2)
linagliptin,diabetes (type 2)
toujeo solostar,diabetes (type 2)
welchol,diabetes (type 2)
xigduo xr,diabetes (type 2)
adlyxin,diabetes (type 2)
admelog,diabetes (type 2)
apidra,diabetes (type 2)
bromocriptine,diabetes (type 2)
colesevelam,diabetes (type 2)
cycloset,diabetes (type 2)
dapagliflozin / metformin,diabetes (type 2)
diabeta,diabetes (type 2)
empagliflozin / metformin,diabetes (type 2)
glipizide / metformin,diabetes (type 2)
glucovance,diabetes (type 2)
glycron,diabetes (type 2)
glynase,diabetes (type 2)
glyset,diabetes (type 2)
humulin 70/30,diabetes (type 2)
insulin regular,diabetes (type 2)
janumet xr,diabetes (type 2)
jentadueto,diabetes (type 2)
lixisenatide,diabetes (type 2)
metformin / pioglitazone,diabetes (type 2)
metformin / saxagliptin,diabetes (type 2)
miglitol,diabetes (type 2)
nesina,diabetes (type 2)
novolin 70/30,diabetes (type 2)
novolin n,diabetes (type 2)
novolin r,diabetes (type 2)
pramlintide,diabetes (type 2)
saxagliptin,diabetes (type 2)
synjardy,diabetes (type 2)
toujeo max solostar,diabetes (type 2)
xultophy,diabetes (type 2)
actoplus met,diabetes (type 2)
afrezza,diabetes (type 2)
albiglutide,diabetes (type 2)
alogliptin / metformin,diabetes (type 2)
alogliptin / pioglitazone,diabetes (type 2)
bydureon bcise,diabetes (type 2)
canagliflozin / metformin,diabetes (type 2)
cr-gtf,diabetes (type 2)
crm,diabetes (type 2)
dapagliflozin / saxagliptin,diabetes (type 2)
duetact,diabetes (type 2)
empagliflozin / linagliptin / metformin,diabetes (type 2)
empagliflozin / linagliptin,diabetes (type 2)
ertugliflozin / metformin,diabetes (type 2)
ertugliflozin / sitagliptin,diabetes (type 2)
ertugliflozin,diabetes (type 2)
fiasp,diabetes (type 2)
glynase prestab,diabetes (type 2)
glyxambi,diabetes (type 2)
humalog mix 50/50,diabetes (type 2)
humalog mix 50/50 kwikpen,diabetes (type 2)
humalog mix 75/25,diabetes (type 2)
humalog mix 75/25 kwikpen,diabetes (type 2)
humulin 50/50,diabetes (type 2)
humulin 70/30 pen,diabetes (type 2)
humulin n pen,diabetes (type 2)
humulin r u-500 (concentrated),diabetes (type 2)
humulin r u-500 kwikpen,diabetes (type 2)
insulin degludec / liraglutide,diabetes (type 2)
insulin degludec,diabetes (type 2)
insulin glulisine,diabetes (type 2)
"insulin inhalation, rapid acting",diabetes (type 2)
insulin isophane / insulin regular,diabetes (type 2)
insulin isophane,diabetes (type 2)
insulin lispro/insulin lispro protamine,diabetes (type 2)
invokamet,diabetes (type 2)
invokamet xr,diabetes (type 2)
jentadueto xr,diabetes (type 2)
kazano,diabetes (type 2)
linagliptin / metformin,diabetes (type 2)
myxredlin,diabetes (type 2)
nateglinide,diabetes (type 2)
novolog mix 70/30,diabetes (type 2)
novolog mix 70/30 flexpen,diabetes (type 2)
novolog penfill,diabetes (type 2)
oseni,diabetes (type 2)
qtern,diabetes (type 2)
relion/novolin 70/30,diabetes (type 2)
rezvoglar,diabetes (type 2)
rosiglitazone,diabetes (type 2)
segluromet,diabetes (type 2)
semglee,diabetes (type 2)
starlix,diabetes (type 2)
steglatro,diabetes (type 2)
steglujan,diabetes (type 2)
symlin,diabetes (type 2)
symlin pen,diabetes (type 2)
symlinpen 60,diabetes (type 2)
symlinpen 120,diabetes (type 2)
synjardy xr,diabetes (type 2)
tanzeum,diabetes (type 2)
tirzepatide,diabetes (type 2)
trijardy xr,diabetes (type 2)
loperamide,diarrhea
lomotil,diarrhea
imodium,diarrhea
atropine / diphenoxylate,diarrhea
imodium a-d,diarrhea
anti-diarrheal,diarrhea
pepto-bismol,diarrhea
florastor,diarrhea
codeine,diarrhea
bismuth subsalicylate,diarrhea
diamode,diarrhea
kaopectate,diarrhea
rifaximin,diarrhea
up and up anti-diarrheal solution,diarrhea
neomycin,diarrhea
saccharomyces boulardii lyo,diarrhea
bismatrol,diarrhea
opium,diarrhea
octreotide,diarrhea
bismarex,diarrhea
bismatrol maximum strength,diarrhea
crofelemer,diarrhea
florastor kids,diarrhea
mytesi,diarrhea
pedialyte,diarrhea
peptic relief,diarrhea
pink bismuth,diarrhea
saccharomyces boulardii+mos,diarrhea
soothe caplets,diarrhea
atropine / difenoxin,diarrhea
ceralyte,diarrhea
electrolyte replacement solutions,diarrhea
enfalyte,diarrhea
equalyte,diarrhea
medi-lyte,diarrhea
motofen,diarrhea
oralyte,diarrhea
rehydralyte,diarrhea
revital,diarrhea
triamcinolone,eczema
mometasone,eczema
dupixent,eczema
hydrocortisone,eczema
methotrexate,eczema
clobetasol,eczema
dupilumab,eczema
elidel,eczema
fluocinonide,eczema
desonide,eczema
prednisone,eczema
elocon,eczema
desoximetasone,eczema
pimecrolimus,eczema
cortizone-10,eczema
dexamethasone,eczema
halobetasol,eczema
kenalog,eczema
topicort,eczema
fluocinolone,eczema
dexamethasone intensol,eczema
fluocinolone,eczema
fluticasone,eczema
alclometasone,eczema
azathioprine,eczema
cloderm,eczema
cutivate,eczema
cyclosporine,eczema
dermotic oil,eczema
locoid lipocream,eczema
aristocort a,eczema
aristocort r,eczema
beser,eczema
beta hc,eczema
cinolar,eczema
cordran tape,eczema
de-sone la,eczema
dermacinrx trizapak,eczema
dermasorb ta,eczema
desowen,eczema
dxevo,eczema
flurandrenolide,eczema
halog,eczema
hidex,eczema
juulissa pharmapak,eczema
locoid,eczema
oralone,eczema
silalite pak,eczema
treziopak,eczema
trianex,eczema
triderm,eczema
tritocin,eczema
ultravate,eczema
ala-cort,eczema
ala-scalp,eczema
ala-scalp hp,eczema
amcinonide,eczema
apexicon e,eczema
aquanil hc,eczema
aquax-h,eczema
caldecort,eczema
clioquinol / hydrocortisone,eczema
clobex,eczema
clocortolone,eczema
cordran,eczema
cortizone-5,eczema
derma-smoothe / fs (scalp),eczema
dermarest plus anti-itch,eczema
dermovate,eczema
dermtex hc,eczema
desonate,eczema
doxepin,eczema
fluocinonide-e,eczema
hydrocortisone / iodoquinol,eczema
itch-x lotion,eczema
nucort,eczema
pandel,eczema
prudoxin,eczema
sarnol-hc,eczema
temovate,eczema
texacort,eczema
u-cort,eczema
vanos,eczema
verdeso,eczema
zonalon,eczema
ala-quin,eczema
alcortin a,eczema
aloe polysaccharides / iodoquinol,eczema
aloe vera / hydrocortisone / iodoquinol,eczema
aloquin,eczema
ammonium lactate / halobetasol,eczema
ammonium lactate/urea,eczema
apexicon,eczema
capex,eczema
carb-o-lac5,eczema
carb-o-lac hp,eczema
clobevate,eczema
clodan,eczema
cordran sp,eczema
cormax,eczema
cormax scalp,eczema
corti-sav,eczema
cyclocort,eczema
derma-smoothe / fs,eczema
derma-smoothe / fs (body oil),eczema
dermatop,eczema
dermazene,eczema
desrx,eczema
diflorasone,eczema
embeline,eczema
embeline e,eczema
flac,eczema
halcinonide,eczema
halonate,eczema
kerasal ultra 20,eczema
lokara,eczema
nolix,eczema
olux,eczema
olux-e,eczema
prednicarbate,eczema
quinja,eczema
r a acne,eczema
resinol,eczema
resorcinol,eczema
synalar,eczema
synalar ointment,eczema
tovet,eczema
ultralytic,eczema
ultralytic 2,eczema
vytone,eczema
cialis,erectile dysfunction
sildenafil,erectile dysfunction
viagra,erectile dysfunction
tadalafil,erectile dysfunction
caverject impulse,erectile dysfunction
staxyn,erectile dysfunction
vardenafil,erectile dysfunction
alprostadil,erectile dysfunction
edex,erectile dysfunction
stendra,erectile dysfunction
caverject,erectile dysfunction
muse,erectile dysfunction
avanafil,erectile dysfunction
entereg,gastrointestinal
lidocaine viscous,gastrointestinal
alvimopan,gastrointestinal
lidocaine,gastrointestinal
glydo,gastrointestinal
xylocaine jelly,gastrointestinal
lta ii kit,gastrointestinal
omeprazole,gerd (heartburn)
pantoprazole,gerd (heartburn)
nexium,gerd (heartburn)
famotidine,gerd (heartburn)
protonix,gerd (heartburn)
prilosec,gerd (heartburn)
dexilant,gerd (heartburn)
aciphex,gerd (heartburn)
prilosec otc,gerd (heartburn)
esomeprazole,gerd (heartburn)
lansoprazole,gerd (heartburn)
prevacid,gerd (heartburn)
pepcid,gerd (heartburn)
rabeprazole,gerd (heartburn)
sucralfate,gerd (heartburn)
pepcid ac,gerd (heartburn)
carafate,gerd (heartburn)
nexium 24hr,gerd (heartburn)
protonix iv,gerd (heartburn)
acid controller maximum strength,gerd (heartburn)
acid controller original strength,gerd (heartburn)
acid reducer maximum strength,gerd (heartburn)
cimetidine,gerd (heartburn)
dexlansoprazole,gerd (heartburn)
heartburn relief,gerd (heartburn)
heartburn relief maximum strength,gerd (heartburn)
metoclopramide,gerd (heartburn)
omeprazole / sodium bicarbonate,gerd (heartburn)
pepcid ac chewable tablets,gerd (heartburn)
pepcid oral suspension,gerd (heartburn)
mylanta,gerd (heartburn)
reglan,gerd (heartburn)
zegerid,gerd (heartburn)
calcium carbonate,gerd (heartburn)
magnesium oxide,gerd (heartburn)
nexium iv,gerd (heartburn)
nizatidine,gerd (heartburn)
aluminum hydroxide / magnesium hydroxide / simethicone,gerd (heartburn)
bethanechol,gerd (heartburn)
calci-chew,gerd (heartburn)
mag-oxide,gerd (heartburn)
pepcid complete,gerd (heartburn)
phillips' cramp-free,gerd (heartburn)
prevacid otc,gerd (heartburn)
prevacid solutab,gerd (heartburn)
tagamet hb,gerd (heartburn)
titralac,gerd (heartburn)
tums regular strength,gerd (heartburn)
tums smoothies,gerd (heartburn)
uro-mag,gerd (heartburn)
zegerid otc,gerd (heartburn)
aciphex sprinkle,gerd (heartburn)
alamag,gerd (heartburn)
alka-seltzer heartburn + gas,gerd (heartburn)
almacone,gerd (heartburn)
aluminum hydroxide / magnesium carbonate,gerd (heartburn)
aluminum hydroxide / magnesium hydroxide,gerd (heartburn)
aluminum hydroxide,gerd (heartburn)
amphojel,gerd (heartburn)
axid ar,gerd (heartburn)
belladonna,gerd (heartburn)
calcium carbonate / famotidine / magnesium hydroxide,gerd (heartburn)
calcium carbonate / magnesium hydroxide / simethicone,gerd (heartburn)
calcium carbonate / simethicone,gerd (heartburn)
di-gel,gerd (heartburn)
dual action complete,gerd (heartburn)
duo fusion,gerd (heartburn)
gas-x with maalox extra strength,gerd (heartburn)
gelusil,gerd (heartburn)
mi-acid,gerd (heartburn)
milantex,gerd (heartburn)
mintox,gerd (heartburn)
mintox plus,gerd (heartburn)
mylanta coat & cool,gerd (heartburn)
mylanta maximum strength,gerd (heartburn)
mylanta tonight,gerd (heartburn)
rulox,gerd (heartburn)
sodium citrate,gerd (heartburn)
tricitrasol,gerd (heartburn)
tums chewy bites with gas relief (lemon & strawberry),gerd (heartburn)
zegerid with magnesium hydroxide,gerd (heartburn)
allopurinol,gout
uloric,gout
zyloprim,gout
aloprim,gout
febuxostat,gout
krystexxa,gout
probenecid,gout
pegloticase,gout
rilonacept,gout
spironolactone,hair loss
minoxidil,hair loss
azulfidine,hair loss
sulfasalazine,hair loss
olumiant,hair loss
aldactone,hair loss
rogaine,hair loss
kenalog-10,hair loss
triamcinolone,hair loss
aristospan,hair loss
rogaine men's extra strength,hair loss
rogaine women's,hair loss
hair regrowth treatment for women,hair loss
kenalog-40,hair loss
hair regrowth treatment for men,hair loss
azulfidine en-tabs,hair loss
baricitinib,hair loss
zyrtec,hayfever
cetirizine,hayfever
fluticasone,hayfever
loratadine,hayfever
flonase,hayfever
allegra,hayfever
montelukast,hayfever
claritin,hayfever
singulair,hayfever
fexofenadine,hayfever
astelin,hayfever
azelastine,hayfever
benadryl,hayfever
xyzal,hayfever
prednisone,hayfever
allegra allergy,hayfever
astepro,hayfever
diphenhydramine,hayfever
flonase allergy relief,hayfever
levocetirizine,hayfever
dymista,hayfever
medrol,hayfever
clarinex,hayfever
nasacort allergy 24hr,hayfever
aller-tec,hayfever
chlorpheniramine,hayfever
desloratadine,hayfever
mometasone,hayfever
phenergan,hayfever
triamcinolone,hayfever
alavert,hayfever
allegra-d 12 hour,hayfever
allegra-d 24 hour,hayfever
allergy relief tablets,hayfever
benadryl allergy,hayfever
budesonide,hayfever
claritin reditabs,hayfever
dexamethasone,hayfever
flonase sensimist,hayfever
methylprednisolone dose pack,hayfever
methylprednisolone,hayfever
promethazine,hayfever
zyrtec-d,hayfever
all day allergy,hayfever
all day allergy children's,hayfever
allegra odt,hayfever
aller-tec children's,hayfever
allergy relief 24 hour,hayfever
antinaus 50,hayfever
beclomethasone,hayfever
cetirizine / pseudoephedrine,hayfever
children's claritin allergy,hayfever
claritin-d,hayfever
claritin-d 24 hour,hayfever
clinacort,hayfever
cyproheptadine,hayfever
de-sone la,hayfever
depo-medrol,hayfever
dexamethasone intensol,hayfever
dxevo,hayfever
flunisolide,hayfever
hidex,hayfever
kenalog-40,hayfever
loratadine-d 24 hour,hayfever
medrol dosepak,hayfever
ohm allergy relief,hayfever
omnaris,hayfever
patanase,hayfever
phenadoz,hayfever
promethegan,hayfever
qnasl,hayfever
solu-medrol,hayfever
tavist nd,hayfever
ticanase,hayfever
triamcinolone,hayfever
wal-itin,hayfever
zodex,hayfever
zyrtec-d 12 hour,hayfever
acrivastine / pseudoephedrine,hayfever
aller-chlor,hayfever
aller-ease,hayfever
allergy relief,hayfever
allermax,hayfever
astepro allergy,hayfever
azelastine / fluticasone,hayfever
banophen,hayfever
beconase aq,hayfever
c.p.m.,hayfever
chlo-amine,hayfever
chlor-mal,hayfever
chlor-trimeton,hayfever
chlorpheniramine / phenylephrine,hayfever
chlortan,hayfever
claritin-d 12 hour,hayfever
complete allergy relief,hayfever
dexbrompheniramine / pseudoephedrine,hayfever
dicopanol,hayfever
diphedryl,hayfever
diphen,hayfever
dytuss,hayfever
ed-chlortan,hayfever
ed chlorped,hayfever
ed chlor ped jr.,hayfever
fexofenadine / pseudoephedrine,hayfever
loratadine / pseudoephedrine,hayfever
mucinex allergy,hayfever
nasalcrom,hayfever
olopatadine,hayfever
promethazine dm,hayfever
rhinocort allergy,hayfever
scot-tussin allergy,hayfever
siladryl allergy,hayfever
twilite,hayfever
valu-dryl,hayfever
vanamine pd,hayfever
wal-finate,hayfever
a-phedrin,hayfever
abatuss dmx,hayfever
acetaminophen / chlorpheniramine,hayfever
actifed cold and allergy,hayfever
advil allergy sinus,hayfever
advil children's allergy sinus,hayfever
alahist d,hayfever
alavert d-12 hour allergy and sinus,hayfever
allan tannate pediatric,hayfever
all day allergy-d,hayfever
allerest maximum strength,hayfever
allerest pe,hayfever
allerfrim,hayfever
allergy & congestion relief,hayfever
allergy relief d,hayfever
aphedrid,hayfever
aprodine,hayfever
arbinoxa,hayfever
benadryl allergy plus congestion,hayfever
bp allergy jr,hayfever
brohist d,hayfever
bromaline,hayfever
bromatan plus,hayfever
bromax,hayfever
brompheniramine / phenylephrine,hayfever
brompheniramine / pseudoephedrine,hayfever
brompheniramine,hayfever
brotapp,hayfever
capron dm,hayfever
capron dmt,hayfever
carbinoxamine,hayfever
carboxine,hayfever
children's triacting night time,hayfever
chlorex-a 12,hayfever
chlorpheniramine / codeine,hayfever
chlorpheniramine / ibuprofen / pseudoephedrine,hayfever
chlorpheniramine / phenylephrine / pyrilamine,hayfever
chlorpheniramine / pseudoephedrine,hayfever
chlortan d,hayfever
ciclesonide,hayfever
clarinex-d 12 hour,hayfever
clarinex-d 24 hour,hayfever
clarinex reditabs,hayfever
clear-atadine-d,hayfever
clemastine,hayfever
codar ar,hayfever
codimal dm,hayfever
conal,hayfever
conex,hayfever
coricidin hbp cold & flu,hayfever
cromolyn,hayfever
dallergy drops,hayfever
decon-a,hayfever
deconamine,hayfever
deltuss dmx,hayfever
desloratadine / pseudoephedrine,hayfever
dexchlorpheniramine / dextromethorphan / pseudoephedrine,hayfever
dexchlorpheniramine / phenylephrine,hayfever
dexchlorpheniramine,hayfever
dextromethorphan / diphenhydramine / phenylephrine,hayfever
dextromethorphan / phenylephrine / pyrilamine,hayfever
dextromethorphan / promethazine,hayfever
dextromethorphan / pyrilamine,hayfever
dicel,hayfever
dimetane decongestant,hayfever
dimetapp children's cold & allergy,hayfever
diphenhydramine / phenylephrine,hayfever
dixaphedrine,hayfever
doxylamine,hayfever
drixoral cold and allergy,hayfever
dytan-d,hayfever
dytan-dm,hayfever
ed a-hist,hayfever
ed chlorped d,hayfever
equaline sleep aid,hayfever
equate sleep aid,hayfever
grastek,hayfever
histafed,hayfever
histex ct,hayfever
histex ie,hayfever
histex pd,hayfever
house dust mite allergen extract,hayfever
karbinal er,hayfever
leader allergy relief d-24,hayfever
lodrane d,hayfever
lohist-d,hayfever
loratadine-d 12 hour,hayfever
mixed grass pollens allergen extract,hayfever
mometasone / olopatadine,hayfever
nalex a 12,hayfever
nasonex 24hr allergy,hayfever
nohist lq,hayfever
novahistine,hayfever
odactra,hayfever
oralair,hayfever
phena-plus,hayfever
phenagil,hayfever
pheniramine / phenylephrine,hayfever
phenylephrine / promethazine,hayfever
polmon,hayfever
pseudoephedrine / triprolidine,hayfever
ragweed pollen allergen extract,hayfever
ragwitek,hayfever
ru-hist d,hayfever
ru-hist forte,hayfever
ryaltris,hayfever
ryclora,hayfever
rymed,hayfever
rynex pe,hayfever
ryvent,hayfever
semprex-d,hayfever
sinus & allergy pe,hayfever
sudafed pe sinus & allergy,hayfever
sudogest sinus & allergy,hayfever
sutan-dm,hayfever
timothy grass pollen allergen extract,hayfever
tuzistra xr,hayfever
vi-sudo,hayfever
zetonna,hayfever
acyclovir,herpes
valacyclovir,herpes
zovirax cream,herpes
abreva,herpes
acyclovir,herpes
zovirax ointment,herpes
zovirax,herpes
docosanol,herpes
blistex ointment,herpes
allantoin / camphor / phenol,herpes
lisinopril,hypertension
amlodipine,hypertension
losartan,hypertension
hydrochlorothiazide,hypertension
metoprolol,hypertension
atenolol,hypertension
norvasc,hypertension
carvedilol,hypertension
benicar,hypertension
furosemide,hypertension
clonidine,hypertension
cozaar,hypertension
hydrochlorothiazide / lisinopril,hypertension
bystolic,hypertension
diovan,hypertension
lopressor,hypertension
toprol-xl,hypertension
spironolactone,hypertension
valsartan,hypertension
avapro,hypertension
enalapril,hypertension
hydralazine,hypertension
lasix,hypertension
nifedipine,hypertension
prinivil,hypertension
propranolol,hypertension
ramipril,hypertension
zestril,hypertension
diltiazem,hypertension
hydrochlorothiazide / losartan,hypertension
irbesartan,hypertension
olmesartan,hypertension
vasotec,hypertension
chlorthalidone,hypertension
coreg,hypertension
hydrochlorothiazide / triamterene,hypertension
katerzia,hypertension
norliqva,hypertension
verapamil,hypertension
amlodipine / benazepril,hypertension
benazepril,hypertension
bisoprolol,hypertension
diovan hct,hypertension
doxazosin,hypertension
maxzide,hypertension
tenormin,hypertension
benicar hct,hypertension
candesartan,hypertension
cartia xt,hypertension
coreg cr,hypertension
exforge,hypertension
kapspargo sprinkle,hypertension
labetalol,hypertension
perindopril,hypertension
qbrelis,hypertension
telmisartan,hypertension
aldactone,hypertension
altace,hypertension
amlodipine / valsartan,hypertension
aquazide h,hypertension
atenolol / chlorthalidone,hypertension
azor,hypertension
captopril,hypertension
cardizem cd,hypertension
carospir,hypertension
catapres,hypertension
catapres-tts,hypertension
dyazide,hypertension
esidrix,hypertension
felodipine,hypertension
hydrochlorothiazide / valsartan,hypertension
hyzaar,hypertension
indapamide,hypertension
inderal la,hypertension
innopran xl,hypertension
lotrel,hypertension
micardis,hypertension
microzide,hypertension
nebivolol,hypertension
nitroglycerin,hypertension
prazosin,hypertension
procardia xl,hypertension
quinapril,hypertension
terazosin,hypertension
accupril,hypertension
adalat cc,hypertension
afeditab cr,hypertension
amlodipine / atorvastatin,hypertension
amlodipine / hydrochlorothiazide / valsartan,hypertension
amlodipine / olmesartan,hypertension
apresoline,hypertension
atacand,hypertension
avalide,hypertension
benazepril / hydrochlorothiazide,hypertension
bendroflumethiazide / nadolol,hypertension
bendroflumethiazide,hypertension
bisoprolol / hydrochlorothiazide,hypertension
caduet,hypertension
calan sr,hypertension
cardizem la,hypertension
cardura,hypertension
dilacor xr,hypertension
dilt-xr,hypertension
diltia xt,hypertension
diltzac,hypertension
epaned,hypertension
eplerenone,hypertension
exforge hct,hypertension
fosinopril,hypertension
guanfacine,hypertension
hydrochlorothiazide / irbesartan,hypertension
hydrochlorothiazide / olmesartan,hypertension
hydrochlorothiazide / telmisartan,hypertension
lotensin,hypertension
matzim la,hypertension
methyldopa,hypertension
metolazone,hypertension
micardis hct,hypertension
minitran,hypertension
minoxidil,hypertension
nadolol,hypertension
nexiclon xr,hypertension
nitro-bid,hypertension
nitro-dur,hypertension
nitro-time,hypertension
nitrolingual pumpspray,hypertension
nitromist,hypertension
nitrostat,hypertension
nitro td patch-a,hypertension
taztia xt,hypertension
tekturna,hypertension
tiadylt er,hypertension
tiazac,hypertension
torsemide,hypertension
verelan,hypertension
verelan pm,hypertension
zestoretic,hypertension
ziac,hypertension
accuretic,hypertension
acebutolol,hypertension
aldactazide,hypertension
aldoril,hypertension
aliskiren / hydrochlorothiazide,hypertension
aliskiren,hypertension
amiloride / hydrochlorothiazide,hypertension
amiloride,hypertension
amlodipine / celecoxib,hypertension
amlodipine / hydrochlorothiazide / olmesartan,hypertension
amlodipine / perindopril,hypertension
amlodipine / telmisartan,hypertension
atacand hct,hypertension
azilsartan medoxomil / chlorthalidone,hypertension
azilsartan medoxomil,hypertension
betaxolol,hypertension
brevibloc,hypertension
candesartan / hydrochlorothiazide,hypertension
captopril / hydrochlorothiazide,hypertension
cardene iv,hypertension
chlorothiazide,hypertension
clevidipine,hypertension
cleviprex,hypertension
conjupri,hypertension
consensi,hypertension
corgard,hypertension
corzide,hypertension
corzide 40/5,hypertension
corzide 80/5,hypertension
demadex,hypertension
diuril,hypertension
diuril sodium,hypertension
dutoprol,hypertension
edarbi,hypertension
edarbyclor,hypertension
enalapril / hydrochlorothiazide,hypertension
eprosartan,hypertension
esmolol,hypertension
fosinopril / hydrochlorothiazide,hypertension
guanabenz,hypertension
hydrochlorothiazide / methyldopa,hypertension
hydrochlorothiazide / metoprolol,hypertension
hydrochlorothiazide / moexipril,hypertension
hydrochlorothiazide / quinapril,hypertension
hydrochlorothiazide / spironolactone,hypertension
hytrin,hypertension
inspra,hypertension
isradipine,hypertension
levamlodipine,hypertension
lopressor hct,hypertension
lotensin hct,hypertension
maxzide-25,hypertension
mecamylamine,hypertension
midamor,hypertension
minipress,hypertension
moexipril,hypertension
nebivolol / valsartan,hypertension
nicardipine,hypertension
nisoldipine,hypertension
pindolol,hypertension
prestalia,hypertension
sular,hypertension
tarka,hypertension
tekturna hct,hypertension
tenoretic,hypertension
tenoretic 50,hypertension
tenoretic 100,hypertension
timolol,hypertension
trandate,hypertension
trandolapril / verapamil,hypertension
trandolapril,hypertension
tribenzor,hypertension
twynsta,hypertension
vaseretic,hypertension
vecamyl,hypertension
zaroxolyn,hypertension
levothyroxine,hypothyroidism
synthroid,hypothyroidism
armour thyroid,hypothyroidism
levoxyl,hypothyroidism
cytomel,hypothyroidism
tirosint,hypothyroidism
euthyrox,hypothyroidism
liothyronine,hypothyroidism
nature-throid,hypothyroidism
unithroid,hypothyroidism
westhroid,hypothyroidism
levo-t,hypothyroidism
thyquidity,hypothyroidism
thyroid desiccated,hypothyroidism
tirosint-sol,hypothyroidism
np thyroid,hypothyroidism
triostat,hypothyroidism
wp thyroid,hypothyroidism
budesonide,ibd (bowel)
prednisone,ibd (bowel)
mesalamine,ibd (bowel)
sulfasalazine,ibd (bowel)
lialda,ibd (bowel)
asacol,ibd (bowel)
pentasa,ibd (bowel)
apriso,ibd (bowel)
remicade,ibd (bowel)
infliximab,ibd (bowel)
asacol hd,ibd (bowel)
azulfidine,ibd (bowel)
delzicol,ibd (bowel)
rowasa,ibd (bowel)
entocort ec,ibd (bowel)
hydrocortisone,ibd (bowel)
azathioprine,ibd (bowel)
dexamethasone,ibd (bowel)
mercaptopurine,ibd (bowel)
imuran,ibd (bowel)
cromolyn,ibd (bowel)
cyclosporine,ibd (bowel)
dexamethasone intensol,ibd (bowel)
gastrocrom,ibd (bowel)
acthar,ibd (bowel)
cortef,ibd (bowel)
corticotropin,ibd (bowel)
cortifoam,ibd (bowel)
mycophenolate mofetil,ibd (bowel)
cortenema,ibd (bowel)
de-sone la,ibd (bowel)
dxevo,ibd (bowel)
solu-cortef,ibd (bowel)
zodex,ibd (bowel)
azasan,ibd (bowel)
azulfidine en-tabs,ibd (bowel)
h.p. acthar gel,ibd (bowel)
oxybutynin,incontinence
myrbetriq,incontinence
vesicare,incontinence
detrol la,incontinence
tolterodine,incontinence
toviaz,incontinence
amitriptyline,incontinence
solifenacin,incontinence
oxytrol,incontinence
detrol,incontinence
ditropan xl,incontinence
hyoscyamine,incontinence
mirabegron,incontinence
duloxetine,incontinence
trospium,incontinence
gelnique,incontinence
botox,incontinence
fesoterodine,incontinence
darifenacin,incontinence
flavoxate,incontinence
onabotulinumtoxina,incontinence
trazodone,insomnia
ambien,insomnia
zolpidem,insomnia
belsomra,insomnia
suvorexant,insomnia
dayvigo,insomnia
temazepam,insomnia
daridorexant,insomnia
lemborexant,insomnia
quviviq,insomnia
amitriptyline,insomnia
lunesta,insomnia
quetiapine,insomnia
restoril,insomnia
ativan,insomnia
mirtazapine,insomnia
lorazepam,insomnia
clonazepam,insomnia
gabapentin,insomnia
doxepin,insomnia
estazolam,insomnia
flurazepam,insomnia
halcion,insomnia
ambien cr,insomnia
diphenhydramine,insomnia
eszopiclone,insomnia
rozerem,insomnia
silenor,insomnia
sonata,insomnia
advil pm,insomnia
doxylamine,insomnia
triazolam,insomnia
quazepam,insomnia
edluar,insomnia
olanzapine,insomnia
tylenol pm,insomnia
unisom sleeptabs,insomnia
zaleplon,insomnia
compoz nighttime sleep aid,insomnia
doral,insomnia
ramelteon,insomnia
chloral hydrate,insomnia
dimenhydrinate,insomnia
diphenhydramine / ibuprofen,insomnia
nytol,insomnia
oxazepam,insomnia
pentobarbital,insomnia
simply sleep,insomnia
sominex,insomnia
unisom sleepgels,insomnia
unisom sleepmelts,insomnia
zolpimist,insomnia
zzzquil,insomnia
acetaminophen / diphenhydramine,insomnia
amobarbital,insomnia
ibuprofen pm,insomnia
nighttime sleepaid,insomnia
nytol quickcaps,insomnia
phenobarbital,insomnia
sleep aid,insomnia
sleepinal,insomnia
twilite,insomnia
z-sleep,insomnia
aleve pm,insomnia
diphenhydramine / magnesium salicylate,insomnia
diphenhydramine / naproxen,insomnia
doans pm,insomnia
equaline sleep aid,insomnia
equate sleep aid,insomnia
headache relief pm,insomnia
legatrin pm,insomnia
midol pm,insomnia
motrin pm,insomnia
percogesic extra strength,insomnia
percogesic original strength,insomnia
zopiclone,insomnia
esterified estrogens / methyltestosterone,menopause
eemt hs,menopause
covaryx,menopause
eemt,menopause
bijuva,menopause
estradiol / progesterone,menopause
covaryx hs,menopause
sumatriptan,migraine
imitrex,migraine
zomig,migraine
cambia,migraine
nurtec odt,migraine
zolmitriptan,migraine
rizatriptan,migraine
maxalt,migraine
reyvow,migraine
elyxyb,migraine
lasmiditan,migraine
rimegepant,migraine
tosymra,migraine
gabapentin,migraine
relpax,migraine
excedrin migraine,migraine
amerge,migraine
cyclobenzaprine,migraine
fiorinal,migraine
treximet,migraine
maxalt-mlt,migraine
diclofenac,migraine
ubrelvy,migraine
naratriptan,migraine
aspirin / butalbital / caffeine,migraine
frova,migraine
botox,migraine
eletriptan,migraine
excedrin,migraine
reglan,migraine
metoclopramide,migraine
almotriptan,migraine
naproxen / sumatriptan,migraine
venlafaxine,migraine
acetaminophen / aspirin / caffeine,migraine
cyproheptadine,migraine
imitrex statdose,migraine
methergine,migraine
migranal,migraine
acetaminophen / aspirin / caffeine / salicylamide,migraine
cafergot,migraine
dihydroergotamine,migraine
frovatriptan,migraine
memantine,migraine
migergot,migraine
orphenadrine,migraine
zembrace symtouch,migraine
zomig-zmt,migraine
caffeine / ergotamine,migraine
celecoxib,migraine
d.h.e. 45,migraine
ergomar,migraine
ergotamine,migraine
methylergonovine,migraine
onabotulinumtoxina,migraine
onzetra xsail,migraine
painaid,migraine
prochlorperazine,migraine
vanquish,migraine
zomig nasal spray,migraine
anacin advanced headache formula,migraine
backaid inflammatory pain formula,migraine
fortabs,migraine
genace,migraine
goody's extra-strength headache powders,migraine
goody's extra strength,migraine
goody's headache powders,migraine
migraine relief,migraine
trudhesa,migraine
ubrogepant,migraine
meloxicam,osteoarthritis
celebrex,osteoarthritis
diclofenac,osteoarthritis
mobic,osteoarthritis
naproxen,osteoarthritis
celecoxib,osteoarthritis
ibuprofen,osteoarthritis
voltaren,osteoarthritis
chondroitin / glucosamine,osteoarthritis
voltaren arthritis pain gel,osteoarthritis
cymbalta,osteoarthritis
diclofenac,osteoarthritis
prednisone,osteoarthritis
aleve,osteoarthritis
arthrotec,osteoarthritis
cataflam,osteoarthritis
aspirin,osteoarthritis
medrol dosepak,osteoarthritis
nabumetone,osteoarthritis
duloxetine,osteoarthritis
etodolac,osteoarthritis
advil,osteoarthritis
motrin,osteoarthritis
vimovo,osteoarthritis
naprosyn,osteoarthritis
pennsaid,osteoarthritis
arthritis pain,osteoarthritis
ecotrin,osteoarthritis
zorvolex,osteoarthritis
aspergum,osteoarthritis
aspiritab,osteoarthritis
aspirtab,osteoarthritis
bayer aspirin,osteoarthritis
bayer aspirin extra strength plus,osteoarthritis
easprin,osteoarthritis
ecpirin,osteoarthritis
entercote,osteoarthritis
genacote,osteoarthritis
halfprin,osteoarthritis
methylprednisolone,osteoarthritis
norwich aspirin,osteoarthritis
vazalore,osteoarthritis
depo-medrol,osteoarthritis
indocin,osteoarthritis
indomethacin,osteoarthritis
proprinal,osteoarthritis
a-g profen,osteoarthritis
acetaminophen / codeine,osteoarthritis
actiprofen,osteoarthritis
addaprin,osteoarthritis
advil liqui-gels,osteoarthritis
chondroitin / glucosamine / methylsulfonylmethane,osteoarthritis
diclofenac / misoprostol,osteoarthritis
duexis,osteoarthritis
genpril,osteoarthritis
ibu-200,osteoarthritis
medrol,osteoarthritis
midol ib,osteoarthritis
motrin ib,osteoarthritis
naprelan,osteoarthritis
nuprin,osteoarthritis
osteo bi-flex,osteoarthritis
piroxicam,osteoarthritis
aflaxen,osteoarthritis
all day pain relief,osteoarthritis
all day relief,osteoarthritis
anaprox,osteoarthritis
anaprox-ds,osteoarthritis
cosamin ds,osteoarthritis
diclozor,osteoarthritis
diflunisal,osteoarthritis
dolobid,osteoarthritis
ec-naprosyn,osteoarthritis
feldene,osteoarthritis
flanax pain reliever,osteoarthritis
kenalog-40,osteoarthritis
ketoprofen,osteoarthritis
lofena,osteoarthritis
methylprednisolone dose pack,osteoarthritis
oxaprozin,osteoarthritis
profinac,osteoarthritis
salsalate,osteoarthritis
schiff move free,osteoarthritis
solu-medrol,osteoarthritis
sulindac,osteoarthritis
triamcinolone,osteoarthritis
xrylix,osteoarthritis
amlodipine / celecoxib,osteoarthritis
aristospan,osteoarthritis
betamethasone,osteoarthritis
bioflavonoids,osteoarthritis
capsaicin,osteoarthritis
celestone soluspan,osteoarthritis
clinacort,osteoarthritis
clinoril,osteoarthritis
consensi,osteoarthritis
cortisone,osteoarthritis
daypro,osteoarthritis
esomeprazole / naproxen,osteoarthritis
euflexxa,osteoarthritis
excedrin,osteoarthritis
hyaluronan,osteoarthritis
indocin sr,osteoarthritis
kenalog-10,osteoarthritis
limbrel,osteoarthritis
orthovisc,osteoarthritis
osteo bi-flex advanced,osteoarthritis
sodium hyaluronate,osteoarthritis
supartz,osteoarthritis
synvisc,osteoarthritis
synvisc-one,osteoarthritis
zilretta,osteoarthritis
zostrix,osteoarthritis
acetaminophen / aspirin / caffeine,osteoarthritis
acetaminophen / aspirin,osteoarthritis
acetaminophen / caffeine,osteoarthritis
arthricream,osteoarthritis
asper-flex,osteoarthritis
axsain,osteoarthritis
backaid inflammatory pain formula,osteoarthritis
boroleum,osteoarthritis
capsin,osteoarthritis
capzasin,osteoarthritis
capzasin-hp,osteoarthritis
capzasin-p,osteoarthritis
castiva cooling,osteoarthritis
castiva warming,osteoarthritis
choline magnesium trisalicylate,osteoarthritis
cidaflex,osteoarthritis
cosmegen,osteoarthritis
dactinomycin,osteoarthritis
diclofenac / menthol,osteoarthritis
diclopr,osteoarthritis
diclostream,osteoarthritis
durolane,osteoarthritis
eucalyptamint,osteoarthritis
excedrin quick tab,osteoarthritis
excedrin tension headache,osteoarthritis
exocaine plus,osteoarthritis
famotidine / ibuprofen,osteoarthritis
fenoprofen,osteoarthritis
fenortho,osteoarthritis
fenovar,osteoarthritis
flurbiprofen,osteoarthritis
gelsyn-3,osteoarthritis
genace,osteoarthritis
glucoten,osteoarthritis
goody's extra strength,osteoarthritis
gordogesic,osteoarthritis
heet triple action,osteoarthritis
hyalgan,osteoarthritis
hylan g-f 20,osteoarthritis
hymovis,osteoarthritis
meclofenamate,osteoarthritis
menthac arthritis cream with capsaicin,osteoarthritis
mentholatum deep heating,osteoarthritis
methyl salicylate,osteoarthritis
monovisc,osteoarthritis
myoflex,osteoarthritis
nalfon,osteoarthritis
optiflex complete,osteoarthritis
pryflex,osteoarthritis
relafen ds,osteoarthritis
relamine,osteoarthritis
salonpas pain patch,osteoarthritis
satogesic,osteoarthritis
sloan's liniment,osteoarthritis
supartz fx,osteoarthritis
tolmetin,osteoarthritis
trolamine salicylate,osteoarthritis
zostrix diabetic foot pain,osteoarthritis
zostrix sports,osteoarthritis
alendronate,osteoporosis
prolia,osteoporosis
fosamax,osteoporosis
calcium / vitamin d,osteoporosis
denosumab,osteoporosis
boniva,osteoporosis
actonel,osteoporosis
calcium carbonate,osteoporosis
evenity,osteoporosis
forteo,osteoporosis
reclast,osteoporosis
evista,osteoporosis
caltrate 600+d,osteoporosis
citracal + d,osteoporosis
risedronate,osteoporosis
caltrate,osteoporosis
hydrochlorothiazide,osteoporosis
calcium citrate,osteoporosis
ibandronate,osteoporosis
raloxifene,osteoporosis
premarin,osteoporosis
atelvia,osteoporosis
calcitonin,osteoporosis
zometa,osteoporosis
microzide,osteoporosis
teriparatide,osteoporosis
aquazide h,osteoporosis
esidrix,osteoporosis
zoledronic acid,osteoporosis
alendronate / cholecalciferol,osteoporosis
fosamax plus d,osteoporosis
binosto,osteoporosis
miacalcin,osteoporosis
tymlos,osteoporosis
aclasta,osteoporosis
calci-chew,osteoporosis
prempro,osteoporosis
abaloparatide,osteoporosis
calcitrate with d,osteoporosis
calcium gluconate,osteoporosis
calcium lactate,osteoporosis
"calcium phosphate, tribasic",osteoporosis
conjugated estrogens,osteoporosis
os-cal calcium+d3,osteoporosis
tums smoothies,osteoporosis
bazedoxifene / conjugated estrogens,osteoporosis
cal-glu,osteoporosis
cal-lac,osteoporosis
calcitrate,osteoporosis
conjugated estrogens / medroxyprogesterone,osteoporosis
duavee,osteoporosis
esterified estrogens,osteoporosis
estropipate,osteoporosis
menest,osteoporosis
ogen,osteoporosis
os-cal 500 chewable,osteoporosis
os-cal extra d3,osteoporosis
oystercal-d,osteoporosis
posture,osteoporosis
premarin intravenous,osteoporosis
premphase,osteoporosis
romosozumab,osteoporosis
upcal d,osteoporosis
tramadol,pain
gabapentin,pain
ibuprofen,pain
oxycodone,pain
acetaminophen,pain
hydrocodone,pain
tylenol,pain
methadone,pain
acetaminophen / hydrocodone,pain
dilaudid,pain
buprenorphine,pain
oxycontin,pain
buprenex,pain
percocet,pain
paracetamol,pain
celebrex,pain
naproxen,pain
diclofenac,pain
ketorolac,pain
ultram,pain
amitriptyline,pain
acetaminophen / oxycodone,pain
demerol,pain
nucynta,pain
voltaren arthritis pain gel,pain
aspirin,pain
hydromorphone,pain
roxicodone,pain
aleve,pain
celecoxib,pain
diclofenac,pain
tylenol arthritis pain,pain
acetaminophen / codeine,pain
advil,pain
codeine,pain
meloxicam,pain
morphine,pain
voltaren,pain
motrin,pain
fentanyl transdermal system,pain
hydroxyzine,pain
lidocaine,pain
nortriptyline,pain
pregabalin,pain
acetaminophen / tramadol,pain
etodolac,pain
hydrocodone / ibuprofen,pain
arthritis pain,pain
bayer aspirin,pain
duloxetine,pain
fentanyl,pain
oxymorphone,pain
tapentadol,pain
tylenol 8 hour,pain
advil liqui-gels,pain
altenol,pain
arthritis pain relief,pain
ascriptin,pain
aspergum,pain
aspiritab,pain
aspirtab,pain
bayer aspirin extra strength plus,pain
easprin,pain
ecotrin,pain
ecpirin,pain
entercote,pain
feverall,pain
flector patch,pain
genacote,pain
halfprin,pain
mapap,pain
meperidine,pain
motrin ib,pain
ms contin,pain
naprosyn,pain
norwich aspirin,pain
vazalore,pain
7t gummy es chewable tablets,pain
a-g profen,pain
abenol,pain
acephen,pain
actamin,pain
actimol children's,pain
actimol infant,pain
actiprofen,pain
addaprin,pain
advil children's,pain
advil infant's concentrated drops,pain
advil migraine,pain
aminofen,pain
anacin aspirin free,pain
apra,pain
atasol,pain
aurophen,pain
caldolor,pain
cataflam,pain
cetafen,pain
children's motrin,pain
children's silapap,pain
children's tylenol,pain
clonidine,pain
conzip,pain
dolono,pain
duragesic,pain
febrol solution,pain
genapap,pain
genebs,pain
genpril,pain
ibu-200,pain
indomethacin,pain
infant's tylenol,pain
jr. tylenol,pain
kadian,pain
lidocaine viscous,pain
m-pap,pain
mapap arthritis pain,pain
midol ib,pain
motrin childrens,pain
motrin junior strength,pain
nortemp children's,pain
nucynta er,pain
nuprin,pain
ofirmev,pain
pharbetol,pain
proprinal,pain
qdolo,pain
silapap childrens,pain
tactinal,pain
tempra quicklets,pain
tycolene,pain
tylophen,pain
ultracet,pain
vitapap,pain
actiq,pain
aflaxen,pain
all day pain relief,pain
all day relief,pain
anaprox,pain
anaprox-ds,pain
anjeso,pain
dazidox,pain
ec-naprosyn,pain
eth-oxydose,pain
flanax pain reliever,pain
hysingla er,pain
ketamine,pain
lofena,pain
naprelan,pain
oxaydo,pain
oxydose,pain
oxyfast,pain
piroxicam,pain
roxybond,pain
tylenol pm,pain
xrylix,pain
xtampza er,pain
zipsor,pain
zorvolex,pain
advil pm,pain
aleve pm,pain
aloe vera burn relief spray with lidocaine,pain
anecream,pain
anestacon,pain
astero,pain
astramorph pf,pain
bactine,pain
belbuca,pain
biofreeze,pain
butorphanol,pain
butrans,pain
capsaicin,pain
cidaleaze,pain
dermacinrx lidotral﻿,pain
dermacinrx lido v pak,pain
diphenhydramine,pain
duraclon,pain
duramorph,pain
duramorph pf,pain
eha lotion,pain
fentora,pain
glydo,pain
ibuprofen pm,pain
imipramine,pain
infumorph,pain
itch relief,pain
ketoprofen,pain
levorphanol,pain
lidamantle,pain
lidopac,pain
lidorx,pain
lidotrans 5 pak,pain
lidozion,pain
lmx 4,pain
lmx 5,pain
lta ii kit,pain
lydexa,pain
medi-quik spray,pain
mefenamic acid,pain
methadone diskets,pain
methadose,pain
mitigo,pain
moxicaine,pain
nalbuphine,pain
radiaguard,pain
recticare,pain
regenecare ha spray,pain
sprix,pain
sulindac,pain
topicaine,pain
tranzarel,pain
xylocaine jelly,pain
xylocaine topical,pain
zionodil,pain
acetaminophen / aspirin / caffeine / salicylamide,pain
acetaminophen / aspirin,pain
acetaminophen / benzhydrocodone,pain
acetaminophen / caffeine / dihydrocodeine,pain
acetaminophen / caffeine,pain
acetaminophen / diphenhydramine,pain
acetaminophen / ibuprofen,pain
acetaminophen / phenyltoloxamine / salicylamide,pain
activice,pain
alfentanil,pain
alka-seltzer wake-up call!,pain
anacin,pain
anbesol,pain
apadaz,pain
arctic relief,pain
arthricream,pain
asper-flex,pain
aspercreme max no mess roll-on,pain
aspercreme pain relieving heat gel,pain
aspirin / butalbital / caffeine,pain
aspirin / caffeine / dihydrocodeine,pain
aspirin / caffeine,pain
aspirin / carisoprodol / codeine,pain
aspirin / oxycodone,pain
axsain,pain
back & body extra strength,pain
bayer back & body,pain
bayer extra strength back & body,pain
bc arthritis,pain
bc fast pain relief,pain
bengay cold therapy gel,pain
bengay ultra strength pain relieving patch,pain
bengay vanishing scent,pain
bengay zero degrees,pain
benzo-jel,pain
benzocaine,pain
bio-therm pain relieving lotion,pain
"blue-emu maximum strength arthritis, muscle & joint pain relief",pain
blue gel,pain
bupivacaine liposome,pain
camphor / menthol,pain
capsagel extra strength,pain
capsaicin / diclofenac,pain
capsaicin / lidocaine / menthol / methyl salicylate,pain
capsaicin / menthol / methyl salicylate,pain
capsin,pain
capsinac,pain
capzasin,pain
capzasin-hp,pain
capzasin-p,pain
castiva warming,pain
celecoxib / tramadol,pain
cepacol fizzlers,pain
chiggerex,pain
choline magnesium trisalicylate,pain
clinoril,pain
cool 'n heat patch,pain
cope,pain
dendracin neurodendraxcin,pain
denti-care denti-freeze,pain
dermacinrx lexitral,pain
dermacinrx lexitral pharmapak,pain
dermoplast,pain
diclofex dc,pain
dicloheal-60,pain
diclosaicin,pain
diclotral pak,pain
diflunisal,pain
diphenhydramine / ibuprofen,pain
diphenhydramine / magnesium salicylate,pain
diphenhydramine / naproxen,pain
doan's pills,pain
doans pills extra strength,pain
doans pm,pain
dolobid,pain
dsuvia,pain
duraxin,pain
dvorah,pain
dyclonine,pain
ed-flex,pain
endodan,pain
excedrin quick tab,pain
excedrin tension headache,pain
exoten-c pain relief,pain
exparel,pain
fast freeze,pain
feldene,pain
fenoprofen,pain
fenortho,pain
fiorinal,pain
flexall,pain
flurbiprofen,pain
fortabs,pain
freeze it,pain
gebauer's spray and stretch,pain
gold bond medicated maximum strength foot,pain
headache relief pm,pain
icy hot advanced relief pain relief patch,pain
icy hot extra strength,pain
icy hot medicated spray,pain
icy hot vanishing scent pain relieving gel,pain
inavix,pain
indocin,pain
indocin sr,pain
kank-a,pain
lanacane,pain
laryngesic,pain
legatrin pm,pain
lidopro,pain
magnesium salicylate,pain
max-freeze,pain
meclofenamate,pain
medi-derm rx,pain
medicone,pain
medrox,pain
medrox-rx,pain
menthac arthritis cream with capsaicin,pain
menthol,pain
meperitab,pain
midol pm,pain
mineral ice,pain
motrin pm,pain
mst,pain
myoflex,pain
nalfon,pain
nalocet,pain
naloxone / pentazocine,pain
new terocin,pain
nudiclo solupak,pain
nuprin backache,pain
oliceridine,pain
olinvyk,pain
p-a-c,pain
p-a-c analgesic,pain
painaid,pain
pentafluoropropane / tetrafluoroethane,pain
percodan,pain
percogesic extra strength,pain
percogesic original strength,pain
pramox,pain
pramoxine,pain
prax,pain
precaine b,pain
prialt,pain
primlev,pain
prolate,pain
qutenza,pain
rematex,pain
salonpas-hot,pain
sarna sensitive,pain
seglentis,pain
sloan's liniment,pain
solarcaine first aid medicated spray,pain
soltice quick-rub,pain
sombra cool therapy,pain
sombra warm therapy,pain
stopain,pain
sufentanil,pain
sure result dss premium pak,pain
theragen hp,pain
therapeutic ice,pain
tiger balm,pain
tiger balm pain relieving patch,pain
tivorbex,pain
tofranil,pain
tolmetin,pain
topical anesthetic dental gel,pain
transderm-iq,pain
trezix,pain
trolamine salicylate,pain
tru-micin,pain
ultracin t,pain
xodol,pain
xolox,pain
ziclopro,pain
ziconotide,pain
zostrix,pain
zostrix diabetic foot pain,pain
zostrix sports,pain
zyfrel,pain
levofloxacin,pneumonia
clarithromycin,pneumonia
ceftriaxone,pneumonia
levaquin,pneumonia
azithromycin,pneumonia
doxycycline,pneumonia
amoxicillin,pneumonia
amoxil,pneumonia
azithromycin dose pack,pneumonia
augmentin,pneumonia
ciprofloxacin,pneumonia
avelox,pneumonia
cefdinir,pneumonia
zithromax,pneumonia
amoxicillin / clavulanate,pneumonia
clindamycin,pneumonia
cipro,pneumonia
cefotaxime,pneumonia
metronidazole,pneumonia
cefuroxime,pneumonia
moxifloxacin,pneumonia
sulfamethoxazole / trimethoprim,pneumonia
vancomycin,pneumonia
bactrim,pneumonia
bactrim ds,pneumonia
cefepime,pneumonia
ceftazidime,pneumonia
ceftin,pneumonia
apo-amoxi,pneumonia
flagyl,pneumonia
amikacin,pneumonia
ancef,pneumonia
cefpodoxime,pneumonia
doxy 100,pneumonia
erythromycin,pneumonia
vibramycin,pneumonia
zyvox,pneumonia
cefixime,pneumonia
cilastatin / imipenem,pneumonia
cipro i.v.,pneumonia
cipro xr,pneumonia
cleocin,pneumonia
doryx,pneumonia
doryx mpc,pneumonia
flagyl iv,pneumonia
linezolid,pneumonia
monodox,pneumonia
morgidox,pneumonia
oraxyl,pneumonia
piperacillin / tazobactam,pneumonia
zosyn,pneumonia
biaxin xl,pneumonia
cefazolin,pneumonia
cleocin hcl,pneumonia
cleocin pediatric,pneumonia
cleocin phosphate,pneumonia
co-trimoxazole,pneumonia
flagyl 375,pneumonia
septra,pneumonia
tobramycin,pneumonia
achromycin v,pneumonia
ala-tet,pneumonia
amoclan,pneumonia
ampicillin,pneumonia
augmentin xr,pneumonia
avelox i.v.,pneumonia
aztreonam,pneumonia
brodspec,pneumonia
cefaclor,pneumonia
cefzil,pneumonia
dicloxacillin,pneumonia
e.e.s. granules,pneumonia
ertapenem,pneumonia
ery-tab,pneumonia
eryc,pneumonia
eryped,pneumonia
erythrocin,pneumonia
erythrocin lactobionate,pneumonia
floxin,pneumonia
garamycin,pneumonia
gentamicin,pneumonia
invanz,pneumonia
maxipime,pneumonia
ofloxacin,pneumonia
pce dispertab,pneumonia
penicillin vk,pneumonia
penicillin v potassium,pneumonia
primaxin iv,pneumonia
septra ds,pneumonia
sulfatrim pediatric,pneumonia
suprax,pneumonia
teflaro,pneumonia
tetracycline,pneumonia
tigecycline,pneumonia
tygacil,pneumonia
vancocin,pneumonia
vancocin hcl,pneumonia
vancocin hcl pulvules,pneumonia
zinacef,pneumonia
amikin,pneumonia
amikin pediatric,pneumonia
ampicillin / sulbactam,pneumonia
avibactam / ceftazidime,pneumonia
avycaz,pneumonia
azactam,pneumonia
baciim,pneumonia
bacitracin,pneumonia
baxdela,pneumonia
bicillin c-r,pneumonia
bicillin c-r 900/300,pneumonia
cefotan,pneumonia
cefotetan,pneumonia
cefoxitin,pneumonia
cefprozil,pneumonia
ceftaroline,pneumonia
ceftolozane / tazobactam,pneumonia
claforan,pneumonia
delafloxacin,pneumonia
dycill,pneumonia
dynapen,pneumonia
factive,pneumonia
fortaz,pneumonia
gemifloxacin,pneumonia
lefamulin,pneumonia
nafcillin,pneumonia
nuzyra,pneumonia
omadacycline,pneumonia
oxacillin,pneumonia
penicillin g benzathine / procaine penicillin,pneumonia
penicillin g potassium,pneumonia
penicillin g sodium,pneumonia
pfizerpen,pneumonia
piperacillin,pneumonia
procaine penicillin,pneumonia
tazicef,pneumonia
telavancin,pneumonia
tobi,pneumonia
unasyn,pneumonia
vibativ,pneumonia
xenleta,pneumonia
zerbaxa,pneumonia
clobetasol,psoriasis
methotrexate,psoriasis
humira,psoriasis
stelara,psoriasis
triamcinolone,psoriasis
ustekinumab,psoriasis
adalimumab,psoriasis
cosentyx,psoriasis
remicade,psoriasis
taltz,psoriasis
skyrizi,psoriasis
tremfya,psoriasis
etanercept,psoriasis
ilumya,psoriasis
infliximab,psoriasis
avsola,psoriasis
duobrii,psoriasis
guselkumab,psoriasis
halobetasol / tazarotene,psoriasis
inflectra,psoriasis
ixekizumab,psoriasis
renflexis,psoriasis
risankizumab,psoriasis
secukinumab,psoriasis
tildrakizumab,psoriasis
fluocinonide,psoriasis
triamcinolone,psoriasis
elocon,psoriasis
calcipotriene,psoriasis
mometasone,psoriasis
prednisone,psoriasis
clobex,psoriasis
dovonex,psoriasis
hydrocortisone,psoriasis
desonide,psoriasis
acitretin,psoriasis
betamethasone,psoriasis
cyclosporine,psoriasis
soriatane,psoriasis
taclonex,psoriasis
tazorac,psoriasis
temovate,psoriasis
betamethasone / calcipotriene,psoriasis
halobetasol,psoriasis
kenalog-40,psoriasis
desoximetasone,psoriasis
kenalog,psoriasis
neoral,psoriasis
otrexup,psoriasis
trexall,psoriasis
dexamethasone,psoriasis
enstilar,psoriasis
fluocinolone,psoriasis
fluocinonide-e,psoriasis
methylprednisolone,psoriasis
rasuvo,psoriasis
tacrolimus,psoriasis
topicort,psoriasis
aristocort a,psoriasis
aristocort r,psoriasis
aristospan,psoriasis
calcitriol,psoriasis
cinolar,psoriasis
clinacort,psoriasis
coal tar,psoriasis
cortizone-10,psoriasis
kenalog-10,psoriasis
locoid,psoriasis
prednisolone,psoriasis
reditrex,psoriasis
taclonex scalp,psoriasis
tazarotene,psoriasis
trianex,psoriasis
triderm,psoriasis
tritocin,psoriasis
vectical,psoriasis
acthar,psoriasis
ala-cort,psoriasis
ala-scalp,psoriasis
ala-scalp hp,psoriasis
alclometasone,psoriasis
ammonium lactate / halobetasol,psoriasis
aquanil hc,psoriasis
beta hc,psoriasis
caldecort,psoriasis
cloderm,psoriasis
cordran,psoriasis
cordran tape,psoriasis
cortizone-5,psoriasis
derma-smoothe / fs (scalp),psoriasis
dermarest plus anti-itch,psoriasis
dermovate,psoriasis
dermtex hc,psoriasis
diflorasone,psoriasis
flurandrenolide,psoriasis
gengraf,psoriasis
halog,psoriasis
itch-x lotion,psoriasis
locoid lipocream,psoriasis
nucort,psoriasis
olux,psoriasis
olux-e,psoriasis
oxsoralen-ultra,psoriasis
pandel,psoriasis
psoriasin,psoriasis
sarnol-hc,psoriasis
sernivo,psoriasis
synalar,psoriasis
texacort,psoriasis
u-cort,psoriasis
vanos,psoriasis
abrilada,psoriasis
amcinonide,psoriasis
amjevita,psoriasis
ammonium lactate/urea,psoriasis
analpram-hc,psoriasis
analpram e,psoriasis
anthraforte,psoriasis
anthralin,psoriasis
anthrascalp,psoriasis
apexicon,psoriasis
apexicon e,psoriasis
balnetar,psoriasis
betatar gel,psoriasis
brodalumab,psoriasis
bryhali,psoriasis
calcitrene,psoriasis
capex,psoriasis
carb-o-lac5,psoriasis
carb-o-lac hp,psoriasis
clobevate,psoriasis
clocortolone,psoriasis
clodan,psoriasis
coal tar/salicylic acid/sulfur,psoriasis
coal tar/salicylic acid,psoriasis
cordran sp,psoriasis
cormax,psoriasis
cormax scalp,psoriasis
corticotropin,psoriasis
cutar,psoriasis
cyclocort,psoriasis
cyltezo,psoriasis
derma-smoothe / fs,psoriasis
derma-smoothe / fs (body oil),psoriasis
dermatop,psoriasis
desonate,psoriasis
desowen,psoriasis
dhs tar shampoo,psoriasis
doak tar,psoriasis
dritho-scalp,psoriasis
drithocreme,psoriasis
elta tar,psoriasis
embeline,psoriasis
embeline e,psoriasis
epifoam,psoriasis
estar,psoriasis
fototar,psoriasis
h.p. acthar gel,psoriasis
hadlima,psoriasis
halcinonide,psoriasis
halonate,psoriasis
hulio,psoriasis
hydrocortisone / pramoxine,psoriasis
hydroxyurea,psoriasis
hyrimoz,psoriasis
impoyz,psoriasis
ionil t,psoriasis
ixifi,psoriasis
kalosar,psoriasis
kerasal ultra 20,psoriasis
lokara,psoriasis
medotar,psoriasis
methoxsalen,psoriasis
mg217 medicated tar,psoriasis
neutrogena t/derm,psoriasis
neutrogena t/gel,psoriasis
nolix,psoriasis
novacort,psoriasis
oxipor vhc,psoriasis
pramosone,psoriasis
prednicarbate,psoriasis
proctofoam hc,psoriasis
r a acne,psoriasis
resinol,psoriasis
resorcinol,psoriasis
scytera,psoriasis
siliq,psoriasis
sorilux,psoriasis
synalar ointment,psoriasis
tarsum,psoriasis
theraplex t,psoriasis
tovet,psoriasis
ultralytic,psoriasis
ultralytic 2,psoriasis
ultravate,psoriasis
verdeso,psoriasis
wynzora,psoriasis
yusimry,psoriasis
zithranol,psoriasis
zithranol-rr,psoriasis
methotrexate,rheumatoid arthritis
enbrel,rheumatoid arthritis
humira,rheumatoid arthritis
sulfasalazine,rheumatoid arthritis
prednisone,rheumatoid arthritis
actemra,rheumatoid arthritis
hydroxychloroquine,rheumatoid arthritis
meloxicam,rheumatoid arthritis
celebrex,rheumatoid arthritis
remicade,rheumatoid arthritis
plaquenil,rheumatoid arthritis
cimzia,rheumatoid arthritis
etanercept,rheumatoid arthritis
simponi,rheumatoid arthritis
adalimumab,rheumatoid arthritis
azulfidine,rheumatoid arthritis
rinvoq,rheumatoid arthritis
rituximab,rheumatoid arthritis
tocilizumab,rheumatoid arthritis
infliximab,rheumatoid arthritis
anakinra,rheumatoid arthritis
avsola,rheumatoid arthritis
certolizumab,rheumatoid arthritis
golimumab,rheumatoid arthritis
inflectra,rheumatoid arthritis
kineret,rheumatoid arthritis
olumiant,rheumatoid arthritis
renflexis,rheumatoid arthritis
upadacitinib,rheumatoid arthritis
leflunomide,rheumatoid arthritis
diclofenac,rheumatoid arthritis
arava,rheumatoid arthritis
mobic,rheumatoid arthritis
naproxen,rheumatoid arthritis
celecoxib,rheumatoid arthritis
orencia,rheumatoid arthritis
ibuprofen,rheumatoid arthritis
rituxan,rheumatoid arthritis
xeljanz,rheumatoid arthritis
acetaminophen / hydrocodone,rheumatoid arthritis
aspirin,rheumatoid arthritis
atorvastatin,rheumatoid arthritis
aleve,rheumatoid arthritis
arthritis pain,rheumatoid arthritis
aspergum,rheumatoid arthritis
aspiritab,rheumatoid arthritis
aspirtab,rheumatoid arthritis
bayer aspirin,rheumatoid arthritis
bayer aspirin extra strength plus,rheumatoid arthritis
easprin,rheumatoid arthritis
ecotrin,rheumatoid arthritis
ecpirin,rheumatoid arthritis
entercote,rheumatoid arthritis
genacote,rheumatoid arthritis
halfprin,rheumatoid arthritis
methylprednisolone,rheumatoid arthritis
nabumetone,rheumatoid arthritis
norwich aspirin,rheumatoid arthritis
rayos,rheumatoid arthritis
vazalore,rheumatoid arthritis
vimovo,rheumatoid arthritis
voltaren,rheumatoid arthritis
advil,rheumatoid arthritis
doxycycline,rheumatoid arthritis
etodolac,rheumatoid arthritis
motrin,rheumatoid arthritis
naprosyn,rheumatoid arthritis
proprinal,rheumatoid arthritis
a-g profen,rheumatoid arthritis
actiprofen,rheumatoid arthritis
addaprin,rheumatoid arthritis
azathioprine,rheumatoid arthritis
cataflam,rheumatoid arthritis
duexis,rheumatoid arthritis
genpril,rheumatoid arthritis
ibu-200,rheumatoid arthritis
medrol,rheumatoid arthritis
midol ib,rheumatoid arthritis
motrin ib,rheumatoid arthritis
nuprin,rheumatoid arthritis
rasuvo,rheumatoid arthritis
xeljanz xr,rheumatoid arthritis
aflaxen,rheumatoid arthritis
all day pain relief,rheumatoid arthritis
all day relief,rheumatoid arthritis
anaprox,rheumatoid arthritis
anaprox-ds,rheumatoid arthritis
arthrotec,rheumatoid arthritis
depo-medrol,rheumatoid arthritis
dexamethasone,rheumatoid arthritis
ec-naprosyn,rheumatoid arthritis
flanax pain reliever,rheumatoid arthritis
imuran,rheumatoid arthritis
indomethacin,rheumatoid arthritis
lofena,rheumatoid arthritis
medrol dosepak,rheumatoid arthritis
methylprednisolone dose pack,rheumatoid arthritis
naprelan,rheumatoid arthritis
otrexup,rheumatoid arthritis
piroxicam,rheumatoid arthritis
reditrex,rheumatoid arthritis
simponi aria,rheumatoid arthritis
sulindac,rheumatoid arthritis
trexall,rheumatoid arthritis
triamcinolone,rheumatoid arthritis
abatacept,rheumatoid arthritis
acetaminophen / tramadol,rheumatoid arthritis
aristospan,rheumatoid arthritis
auranofin,rheumatoid arthritis
azulfidine en-tabs,rheumatoid arthritis
clinacort,rheumatoid arthritis
cortisone,rheumatoid arthritis
cyclosporine,rheumatoid arthritis
daypro,rheumatoid arthritis
de-sone la,rheumatoid arthritis
dexamethasone intensol,rheumatoid arthritis
diclofenac / misoprostol,rheumatoid arthritis
dxevo,rheumatoid arthritis
esomeprazole / naproxen,rheumatoid arthritis
feldene,rheumatoid arthritis
indocin,rheumatoid arthritis
indocin sr,rheumatoid arthritis
kenalog-10,rheumatoid arthritis
kenalog-40,rheumatoid arthritis
ketoprofen,rheumatoid arthritis
kevzara,rheumatoid arthritis
minocycline,rheumatoid arthritis
mycophenolate mofetil,rheumatoid arthritis
oxaprozin,rheumatoid arthritis
phenytoin,rheumatoid arthritis
ridaura,rheumatoid arthritis
salsalate,rheumatoid arthritis
solu-medrol,rheumatoid arthritis
tofacitinib,rheumatoid arthritis
abrilada,rheumatoid arthritis
acetaminophen / aspirin,rheumatoid arthritis
acthar,rheumatoid arthritis
alemtuzumab,rheumatoid arthritis
amjevita,rheumatoid arthritis
arthricream,rheumatoid arthritis
asper-flex,rheumatoid arthritis
azasan,rheumatoid arthritis
baricitinib,rheumatoid arthritis
boroleum,rheumatoid arthritis
camphor / menthol / methyl salicylate,rheumatoid arthritis
castiva cooling,rheumatoid arthritis
clinoril,rheumatoid arthritis
corticotropin,rheumatoid arthritis
cuprimine,rheumatoid arthritis
cyclophosphamide,rheumatoid arthritis
cyltezo,rheumatoid arthritis
d-penamine,rheumatoid arthritis
depen,rheumatoid arthritis
diflunisal,rheumatoid arthritis
dolobid,rheumatoid arthritis
erelzi,rheumatoid arthritis
eticovo,rheumatoid arthritis
eucalyptamint,rheumatoid arthritis
exocaine plus,rheumatoid arthritis
famotidine / ibuprofen,rheumatoid arthritis
fenoprofen,rheumatoid arthritis
fenortho,rheumatoid arthritis
flurbiprofen,rheumatoid arthritis
gengraf,rheumatoid arthritis
gordogesic,rheumatoid arthritis
h.p. acthar gel,rheumatoid arthritis
hadlima,rheumatoid arthritis
heet triple action,rheumatoid arthritis
hulio,rheumatoid arthritis
hyrimoz,rheumatoid arthritis
interferon gamma-1b,rheumatoid arthritis
ixifi,rheumatoid arthritis
meclofenamate,rheumatoid arthritis
mentholatum deep heating,rheumatoid arthritis
methyl salicylate,rheumatoid arthritis
myoflex,rheumatoid arthritis
nalfon,rheumatoid arthritis
neoral,rheumatoid arthritis
penicillamine,rheumatoid arthritis
relafen ds,rheumatoid arthritis
riabni,rheumatoid arthritis
salonpas pain patch,rheumatoid arthritis
sarilumab,rheumatoid arthritis
satogesic,rheumatoid arthritis
tetracycline,rheumatoid arthritis
tolmetin,rheumatoid arthritis
trolamine salicylate,rheumatoid arthritis
ximino,rheumatoid arthritis
xodol,rheumatoid arthritis
yusimry,rheumatoid arthritis
seroquel,schizophrenia
latuda,schizophrenia
abilify,schizophrenia
risperidone,schizophrenia
clozapine,schizophrenia
olanzapine,schizophrenia
zyprexa,schizophrenia
vraylar,schizophrenia
risperdal,schizophrenia
abilify maintena,schizophrenia
quetiapine,schizophrenia
rexulti,schizophrenia
fanapt,schizophrenia
aristada,schizophrenia
clozaril,schizophrenia
caplyta,schizophrenia
lurasidone,schizophrenia
cariprazine,schizophrenia
brexpiprazole,schizophrenia
geodon,schizophrenia
aripiprazole,schizophrenia
lumateperone,schizophrenia
lybalvi,schizophrenia
invega,schizophrenia
seroquel xr,schizophrenia
chlorpromazine,schizophrenia
saphris,schizophrenia
invega sustenna,schizophrenia
ziprasidone,schizophrenia
risperdal consta,schizophrenia
loxapine,schizophrenia
paliperidone,schizophrenia
zyprexa zydis,schizophrenia
trifluoperazine,schizophrenia
zyprexa relprevv,schizophrenia
invega trinza,schizophrenia
thioridazine,schizophrenia
abilify mycite,schizophrenia
aristada initio,schizophrenia
fazaclo,schizophrenia
perseris,schizophrenia
thiothixene,schizophrenia
amisulpride,schizophrenia
asenapine,schizophrenia
zyprexa intramuscular,schizophrenia
versacloz,schizophrenia
adasuve,schizophrenia
iloperidone,schizophrenia
secuado,schizophrenia
invega hafyera,schizophrenia
olanzapine / samidorphan,schizophrenia
keppra,seizures
levetiracetam,seizures
diazepam,seizures
topiramate,seizures
diastat,seizures
dilantin,seizures
trokendi xr,seizures
valtoco,seizures
vimpat,seizures
midazolam,seizures
nayzilam,seizures
sabril,seizures
vigabatrin,seizures
phenobarbital,seizures
trileptal,seizures
zonisamide,seizures
phenytoin,seizures
oxcarbazepine,seizures
zonegran,seizures
keppra xr,seizures
valium,seizures
topamax,seizures
valproic acid,seizures
primidone,seizures
mysoline,seizures
aptiom,seizures
diastat acudial,seizures
zarontin,seizures
lacosamide,seizures
phenytoin sodium,seizures
diazepam intensol,seizures
gabitril,seizures
oxtellar xr,seizures
diastat pediatric,seizures
qudexy xr,seizures
vitamin b6,seizures
briviact,seizures
elepsia xr,seizures
eprontia,seizures
ethosuximide,seizures
roweepra,seizures
spritam,seizures
fycompa,seizures
phenytek,seizures
roweepra xr,seizures
xcopri,seizures
progesterone,seizures
pyridoxine,seizures
aminoxin,seizures
brivaracetam,seizures
celontin,seizures
cenobamate,seizures
eslicarbazepine,seizures
methsuximide,seizures
perampanel,seizures
tiagabine,seizures
zonisade,seizures
ganaxolone,seizures
vigadrone,seizures
ztalmy,seizures
plavix,stroke
clopidogrel,stroke
aspirin,stroke
activase,stroke
bayer aspirin,stroke
easprin,stroke
ecotrin,stroke
alteplase,stroke
arthritis pain,stroke
ascriptin,stroke
aspergum,stroke
aspir-low,stroke
bayer aspirin regimen,stroke
genacote,stroke
halfprin,stroke
aspiritab,stroke
aspirtab,stroke
ecpirin,stroke
entercote,stroke
nimodipine,stroke
norwich aspirin,stroke
vazalore,stroke
bayer aspirin extra strength plus,stroke
tamiflu,swine flu
oseltamivir,swine flu
relenza,swine flu
zanamivir,swine flu
peramivir,swine flu
ciprofloxacin,uti
nitrofurantoin,uti
macrobid,uti
cipro,uti
sulfamethoxazole / trimethoprim,uti
bactrim,uti
amoxicillin,uti
amoxil,uti
doxycycline,uti
bactrim ds,uti
augmentin,uti
levofloxacin,uti
levaquin,uti
amoxicillin / clavulanate,uti
ceftriaxone,uti
macrodantin,uti
cefuroxime,uti
methenamine,uti
ceftin,uti
trimethoprim,uti
vibramycin,uti
ampicillin,uti
apo-amoxi,uti
septra,uti
septra ds,uti
uribel,uti
doxy 100,uti
cefixime,uti
cipro i.v.,uti
cipro xr,uti
doryx,uti
doryx mpc,uti
hiprex,uti
monodox,uti
morgidox,uti
oraxyl,uti
suprax,uti
ancef,uti
cefepime,uti
cefotaxime,uti
co-trimoxazole,uti
furadantin,uti
ofloxacin,uti
zosyn,uti
amikacin,uti
amoclan,uti
ampicillin / sulbactam,uti
augmentin xr,uti
cefadroxil,uti
cefazolin,uti
ceftazidime,uti
cilastatin / imipenem,uti
duricef,uti
ertapenem,uti
floxin,uti
hyophen,uti
invanz,uti
maxipime,uti
piperacillin / tazobactam,uti
sulfatrim pediatric,uti
unasyn,uti
urelle,uti
uro-mp,uti
urogesic blue,uti
ustell,uti
uta,uti
utira-c,uti
zinacef,uti
acetohydroxamic acid,uti
amikin,uti
amikin pediatric,uti
avibactam / ceftazidime,uti
avycaz,uti
azactam,uti
aztreonam,uti
azuphen mb,uti
benzoic acid / hyoscyamine / methenamine / methylene blue / phenyl salicylate,uti
cefaclor,uti
cefiderocol,uti
cefotan,uti
cefotetan,uti
cefoxitin,uti
ceftolozane / tazobactam,uti
cilastatin / imipenem / relebactam,uti
claforan,uti
fetroja,uti
fortaz,uti
hyolev mb,uti
hyoscyamine / methenamine / methylene blue / phenyl salicylate / sodium biphosphate,uti
hyoscyamine / methenamine / methylene blue / sodium biphosphate,uti
lithostat,uti
meropenem / vaborbactam,uti
phosphasal,uti
piperacillin,uti
plazomicin,uti
primaxin iv,uti
primsol,uti
recarbrio,uti
tazicef,uti
uretron ds,uti
urimar-t,uti
urin d/s,uti
urised,uti
uro-458,uti
uro-sp,uti
uroav-81,uti
uroav-b,uti
uticap,uti
utrona-c,uti
vabomere,uti
vilamit mb,uti
vilevev mb,uti
zemdri,uti
zerbaxa,uti
phentermine,weight loss
topiramate,weight loss
adipex-p,weight loss
semaglutide,weight loss
topamax,weight loss
contrave,weight loss
desoxyn,weight loss
alli,weight loss
bupropion,weight loss
orlistat,weight loss
xenical,weight loss
phendimetrazine,weight loss
diethylpropion,weight loss
qsymia,weight loss
saxenda,weight loss
methamphetamine,weight loss
pregnyl,weight loss
wegovy,weight loss
bupropion / naltrexone,weight loss
liraglutide,weight loss
phentermine / topiramate,weight loss
amphetamine,weight loss
bontril pdm,weight loss
chorionic gonadotropin (hcg),weight loss
cimetidine,weight loss
lomaira,weight loss
methylphenidate,weight loss
atti-plex p,weight loss
benzphetamine,weight loss
desvenlafaxine,weight loss
tagamet hb,weight loss
evekeo,weight loss
fenfluramine,weight loss
fendique er,weight loss
imcivree,weight loss
setmelanotide,weight loss
tirzepatide,weight loss
