alice.allen369,655
alice.allen369,781
alice.allen369,956
alice.allen574,254
alice.allen574,420
alice.anderson372,209
alice.anderson372,382
alice.anderson497,715
alice.anderson593,74
alice.anderson593,172
alice.anderson593,950
alice.brown349,376
alice.clark244,32
alice.clark244,731
alice.clark430,398
alice.clark430,605
alice.clark430,977
alice.clark687,223
alice.clark687,599
alice.clark687,603
alice.clark719,212
alice.clark719,807
alice.davis737,52
alice.davis737,103
alice.davis737,139
alice.hall973,224
alice.jackson737,320
alice.jackson737,563
alice.jackson737,817
alice.jackson835,193
alice.jackson835,557
alice.jackson835,889
alice.johnson184,18
alice.johnson184,698
alice.johnson995,882
alice.jones459,99
alice.jones459,723
alice.jones459,927
alice.jones883,166
alice.king488,68
alice.king488,263
alice.king488,548
alice.lewis287,758
alice.lewis287,1008
alice.lewis405,509
alice.lewis405,867
alice.lewis405,951
alice.martin24,939
alice.martin903,699
alice.martin903,831
alice.martin903,856
alice.martinez69,379
alice.martinez69,443
alice.martinez69,668
alice.miller973,554
alice.robinson167,314
alice.scott248,342
alice.scott248,742
alice.scott248,830
alice.thomas731,48
alice.thomas731,166
alice.thomas731,261
alice.thompson181,932
alice.williams151,892
alice.williams992,129
alice.williams992,349
alice.wilson295,755
alice.wilson73,679
alice.wilson73,843
bob.anderson101,365
bob.anderson101,494
bob.anderson695,811
bob.brown61,153
bob.brown61,428
bob.clark19,285
bob.clark19,353
bob.clark19,791
bob.clark347,286
bob.clark347,482
bob.clark347,946
bob.davis125,456
bob.davis716,727
bob.garcia955,394
bob.garcia955,860
bob.jackson443,421
bob.jackson493,237
bob.jackson493,686
bob.jackson493,690
bob.jackson707,231
bob.jackson707,432
bob.jackson707,985
bob.johnson712,346
bob.johnson712,926
bob.king118,120
bob.king118,721
bob.king118,777
bob.lee555,734
bob.lee555,780
bob.lee555,969
bob.lewis134,437
bob.lewis134,453
bob.lewis134,845
bob.lewis761,538
bob.martinez398,64
bob.martinez398,417
bob.martinez473,580
bob.martinez810,68
bob.martinez810,257
bob.miller839,105
bob.moore430,684
bob.moore430,1008
bob.robinson182,45
bob.robinson182,210
bob.robinson182,320
bob.robinson941,291
bob.robinson941,361
bob.robinson941,831
bob.rodriguez157,617
bob.rodriguez874,26
bob.rodriguez874,634
bob.scott119,488
bob.scott119,620
bob.scott119,797
bob.scott647,524
bob.scott83,451
bob.scott83,816
bob.scott902,36
bob.scott902,886
bob.scott902,894
bob.taylor63,121
bob.taylor63,506
bob.thomas577,244
bob.thomas841,583
bob.thomas882,302
bob.thomas882,443
bob.thomas882,891
bob.thomas883,176
bob.thomas883,227
bob.thomas883,243
bob.thompson213,97
bob.thompson213,799
bob.thompson908,650
bob.walker403,185
bob.walker403,422
bob.white299,565
bob.white299,742
bob.williams449,812
bob.williams596,178
bob.williams596,180
bob.williams669,672
bob.williams669,766
bob.wilson513,996
bob.wilson672,621
bob.wilson672,755
bob.wilson880,227
bob.wilson880,824
bob.young422,436
bob.young422,911
bob.young581,750
bob.young581,884
charlie.allen135,444
charlie.allen135,623
charlie.allen5,148
charlie.allen508,47
charlie.allen508,72
charlie.allen508,974
charlie.allen771,115
charlie.allen771,666
charlie.allen771,933
charlie.anderson113,340
charlie.anderson113,822
charlie.anderson228,323
charlie.anderson228,441
charlie.anderson228,461
charlie.anderson322,170
charlie.anderson322,439
charlie.anderson322,963
charlie.anderson893,325
charlie.anderson893,922
charlie.brown152,196
charlie.davis665,277
charlie.garcia206,437
charlie.garcia206,687
charlie.garcia206,929
charlie.garcia721,546
charlie.hall530,85
charlie.hall530,207
charlie.hall888,430
charlie.hall888,911
charlie.harris867,375
charlie.harris867,649
charlie.harris867,941
charlie.harris96,393
charlie.harris96,411
charlie.harris96,412
charlie.jackson383,7
charlie.jackson383,653
charlie.jackson498,352
charlie.jackson943,687
charlie.jackson943,802
charlie.jackson943,869
charlie.jones556,277
charlie.jones627,39
charlie.jones627,535
charlie.jones856,273
charlie.jones856,446
charlie.king206,600
charlie.king206,877
charlie.king452,439
charlie.king452,763
charlie.lee811,233
charlie.lee811,484
charlie.lewis231,356
charlie.martinez15,197
charlie.martinez15,707
charlie.miller405,671
charlie.miller745,223
charlie.miller745,621
charlie.miller745,741
charlie.moore658,128
charlie.moore658,147
charlie.moore763,175
charlie.robinson198,301
charlie.robinson198,875
charlie.robinson198,914
charlie.robinson584,94
charlie.robinson584,582
charlie.robinson584,973
charlie.rodriguez442,170
charlie.rodriguez442,978
charlie.scott498,254
charlie.scott498,596
charlie.smith497,43
charlie.smith497,295
charlie.smith506,156
charlie.smith506,679
charlie.smith506,717
charlie.smith608,48
charlie.smith608,972
charlie.taylor152,751
charlie.taylor152,799
charlie.taylor175,407
charlie.taylor175,582
charlie.taylor175,802
charlie.taylor562,75
charlie.taylor592,313
charlie.taylor592,479
charlie.taylor845,738
charlie.taylor845,948
charlie.thomas822,849
charlie.thompson6,222
charlie.thompson6,677
charlie.thompson906,117
charlie.thompson906,332
charlie.walker623,117
charlie.walker623,127
charlie.williams328,239
charlie.williams328,831
charlie.williams328,838
charlie.young237,337
charlie.young348,159
diana.allen571,938
diana.allen571,957
diana.allen571,1002
diana.anderson624,23
diana.anderson624,361
diana.anderson624,405
diana.clark30,364
diana.clark30,427
diana.clark30,708
diana.clark389,381
diana.clark389,688
diana.clark389,941
diana.hall686,699
diana.hall871,126
diana.hall871,137
diana.hall871,749
diana.harris676,347
diana.harris676,377
diana.johnson123,153
diana.johnson123,732
diana.johnson123,994
diana.johnson226,519
diana.johnson226,980
diana.johnson490,263
diana.johnson561,668
diana.jones558,823
diana.king435,241
diana.king435,525
diana.lee246,193
diana.lee246,584
diana.lee783,178
diana.lee783,414
diana.lewis432,62
diana.lewis432,977
diana.martinez160,702
diana.miller795,411
diana.miller795,695
diana.miller795,859
diana.robinson341,195
diana.robinson409,988
diana.rodriguez179,80
diana.rodriguez660,219
diana.scott296,991
diana.scott437,286
diana.scott437,822
diana.thompson524,93
diana.thompson524,902
diana.thompson524,972
diana.walker981,380
diana.white849,161
diana.white849,315
diana.white849,834
diana.white98,371
diana.williams172,199
diana.williams172,766
diana.wilson534,145
diana.wilson534,227
diana.wilson534,240
diana.wilson714,335
diana.young763,2
diana.young763,24
eve.allen14,966
eve.anderson181,32
eve.anderson181,480
eve.anderson434,213
eve.anderson434,267
eve.anderson434,540
eve.anderson635,289
eve.anderson635,497
eve.anderson807,969
eve.brown954,40
eve.brown954,115
eve.brown954,807
eve.garcia775,50
eve.garcia775,95
eve.garcia775,711
eve.hall886,497
eve.hall886,561
eve.harris43,884
eve.harris554,227
eve.harris554,776
eve.jackson377,96
eve.jackson377,241
eve.johnson44,23
eve.johnson44,131
eve.johnson44,210
eve.king948,261
eve.king948,292
eve.lee550,346
eve.lee550,459
eve.lee790,125
eve.lee790,516
eve.lee790,994
eve.lee838,484
eve.lee838,918
eve.lewis689,466
eve.lewis689,834
eve.lewis695,690
eve.lewis695,796
eve.martinez622,763
eve.miller189,733
eve.moore310,558
eve.moore310,979
eve.robinson397,160
eve.robinson397,198
eve.robinson397,612
eve.scott306,793
eve.scott331,171
eve.scott331,334
eve.scott331,580
eve.taylor145,698
eve.taylor145,935
eve.taylor170,496
eve.taylor170,507
eve.taylor673,283
eve.taylor673,321
eve.taylor962,103
eve.taylor962,566
eve.taylor962,692
eve.thompson422,207
eve.thompson422,384
eve.thompson562,289
eve.thompson562,448
eve.thompson562,992
eve.walker25,298
eve.williams574,348
eve.williams574,363
eve.williams574,854
eve.wilson191,79
eve.wilson191,174
eve.wilson191,654
eve.wilson772,60
frank.allen298,496
frank.allen298,498
frank.allen298,699
frank.allen577,264
frank.allen577,490
frank.allen577,581
frank.anderson350,695
frank.anderson890,66
frank.anderson890,751
frank.davis967,346
frank.hall973,198
frank.hall973,215
frank.hall973,463
frank.harris520,538
frank.harris520,598
frank.harris609,743
frank.harris609,761
frank.harris918,90
frank.harris918,346
frank.harris918,655
frank.jackson32,7
frank.jackson32,841
frank.jackson377,206
frank.jackson377,651
frank.jackson377,830
frank.jackson950,615
frank.johnson881,264
frank.king126,302
frank.king126,399
frank.king977,707
frank.lee636,877
frank.lewis186,435
frank.lewis186,455
frank.lewis186,989
frank.lewis85,565
frank.lewis85,628
frank.lewis85,844
frank.martin219,120
frank.martin219,895
frank.martin219,987
frank.martin892,100
frank.martin892,501
frank.martin892,946
frank.martinez221,72
frank.martinez221,287
frank.martinez221,679
frank.martinez571,354
frank.martinez571,579
frank.martinez571,803
frank.moore399,565
frank.moore399,694
frank.moore399,934
frank.moore787,155
frank.moore787,886
frank.moore787,960
frank.moore898,72
frank.moore898,876
frank.robinson481,487
frank.robinson481,988
frank.rodriguez142,151
frank.rodriguez142,823
frank.rodriguez142,833
frank.rodriguez306,93
frank.smith656,147
frank.smith656,368
frank.smith656,769
frank.smith849,251
frank.smith849,405
frank.smith849,449
frank.taylor408,471
frank.thomas14,24
frank.thomas158,614
frank.walker542,236
frank.walker542,531
frank.walker542,616
frank.white107,398
frank.white943,222
frank.williams538,385
frank.williams538,665
frank.williams538,962
frank.williams555,141
frank.williams555,414
frank.williams555,661
frank.young933,184
frank.young933,722
grace.allen844,101
grace.allen882,154
grace.allen896,322
grace.allen896,519
grace.allen896,891
grace.brown409,758
grace.brown567,398
grace.davis242,245
grace.davis316,32
grace.davis316,164
grace.davis316,856
grace.davis381,483
grace.davis381,805
grace.davis381,926
grace.davis477,42
grace.davis822,238
grace.harris29,168
grace.harris29,407
grace.harris29,860
grace.harris907,866
grace.harris985,473
grace.harris985,884
grace.harris985,997
grace.jackson647,233
grace.johnson45,950
grace.jones238,493
grace.jones238,855
grace.king580,646
grace.king900,722
grace.king900,741
grace.king900,837
grace.lee142,183
grace.lee142,361
grace.lee142,530
grace.lewis761,293
grace.lewis761,389
grace.martin799,14
grace.martin799,16
grace.martinez462,323
grace.martinez462,829
grace.robinson82,27
grace.robinson82,101
grace.smith978,176
grace.taylor523,83
grace.thomas688,572
grace.thomas688,736
grace.thomas688,841
grace.thompson448,65
grace.thompson448,714
grace.thompson667,515
grace.thompson667,796
grace.thompson667,943
grace.walker325,937
grace.walker907,361
grace.walker907,794
grace.white178,48
grace.white178,384
grace.white644,480
grace.white644,602
grace.white66,231
grace.white66,577
grace.white66,717
grace.wilson767,514
grace.wilson767,692
grace.young498,121
hank.allen617,49
hank.allen617,68
hank.clark434,780
hank.clark525,324
hank.clark525,614
hank.garcia216,906
hank.harris398,45
hank.harris535,664
hank.harris568,71
hank.harris568,319
hank.jackson415,57
hank.jackson415,563
hank.johnson283,111
hank.johnson283,206
hank.johnson283,558
hank.johnson660,375
hank.johnson660,618
hank.johnson73,132
hank.johnson73,895
hank.johnson93,718
hank.johnson93,889
hank.jones358,668
hank.jones358,743
hank.jones420,317
hank.jones420,448
hank.jones420,769
hank.jones769,208
hank.jones769,873
hank.king956,955
hank.lewis60,443
hank.lewis60,492
hank.lewis60,592
hank.miller777,658
hank.robinson445,354
hank.robinson445,896
hank.robinson869,326
hank.robinson869,524
hank.robinson872,883
hank.smith122,128
hank.smith122,164
hank.smith122,535
hank.taylor978,89
hank.taylor978,190
hank.thomas176,192
hank.thomas176,405
hank.thomas176,837
hank.thompson830,151
hank.thompson877,30
hank.thompson877,33
hank.walker583,272
hank.walker583,591
hank.walker583,727
hank.williams592,598
hank.williams592,864
hank.williams620,547
hank.williams620,929
hank.williams885,800
hank.williams885,862
hank.wilson368,52
hank.wilson368,534
hank.wilson792,556
hank.wilson792,761
hank.wilson875,380
hank.wilson875,498
ivy.allen274,130
ivy.allen274,770
ivy.allen470,85
ivy.allen470,355
ivy.allen470,859
ivy.anderson57,265
ivy.anderson57,502
ivy.brown597,518
ivy.clark179,508
ivy.clark179,918
ivy.clark958,284
ivy.clark958,651
ivy.clark958,754
ivy.hall110,454
ivy.hall110,484
ivy.hall110,865
ivy.jackson41,423
ivy.jackson41,549
ivy.jackson67,388
ivy.jackson67,652
ivy.jackson67,702
ivy.johnson41,58
ivy.johnson41,570
ivy.jones864,185
ivy.jones864,705
ivy.jones864,762
ivy.king247,67
ivy.king247,440
ivy.king449,308
ivy.king449,762
ivy.king449,882
ivy.lewis313,62
ivy.lewis313,602
ivy.martinez185,875
ivy.martinez355,210
ivy.martinez355,261
ivy.martinez355,924
ivy.miller172,574
ivy.miller61,294
ivy.miller61,330
ivy.robinson574,52
ivy.taylor14,243
ivy.taylor14,406
ivy.taylor645,703
ivy.thomas795,337
ivy.thomas795,407
ivy.thomas795,552
ivy.thomas831,225
ivy.thomas831,499
ivy.thomas831,647
ivy.thomas842,887
ivy.walker722,41
ivy.white151,348
ivy.white151,496
ivy.white282,445
ivy.white282,751
ivy.white409,286
ivy.white461,521
ivy.white461,774
ivy.white781,600
ivy.williams217,109
ivy.williams217,586
ivy.williams818,101
ivy.williams818,176
ivy.williams818,337
ivy.wilson511,623
ivy.wilson511,780
ivy.wilson913,94
ivy.wilson913,490
ivy.young271,316
ivy.young271,372
ivy.young271,443
jack.allen65,527
jack.allen65,588
jack.allen65,640
jack.anderson566,855
jack.anderson813,281
jack.anderson813,547
jack.anderson813,804
jack.brown602,100
jack.brown602,467
jack.brown602,743
jack.brown627,785
jack.brown668,941
jack.davis679,35
jack.davis679,363
jack.garcia22,151
jack.garcia22,241
jack.garcia22,927
jack.hall714,733
jack.hall783,600
jack.harris519,268
jack.harris637,912
jack.harris637,954
jack.jackson269,221
jack.jackson357,41
jack.jackson357,249
jack.jackson570,443
jack.johnson196,151
jack.johnson196,459
jack.johnson728,890
jack.johnson806,165
jack.johnson806,246
jack.johnson806,634
jack.king328,580
jack.king328,845
jack.king328,994
jack.king82,11
jack.lewis301,242
jack.lewis301,262
jack.lewis695,601
jack.lewis695,885
jack.lewis695,886
jack.lewis754,118
jack.martin206,704
jack.martin678,171
jack.martinez329,269
jack.martinez500,111
jack.martinez500,489
jack.miller950,420
jack.moore265,307
jack.moore265,722
jack.moore265,854
jack.moore535,414
jack.moore535,543
jack.moore535,995
jack.moore722,44
jack.robinson926,79
jack.smith264,347
jack.smith264,832
jack.smith264,932
jack.smith81,136
jack.taylor572,194
jack.taylor572,955
jack.thomas772,592
jack.thompson338,320
jack.thompson338,436
jack.thompson338,889
jack.thompson85,675
jack.thompson85,697
jack.thompson85,714
jack.thompson99,311
jack.thompson99,697
jack.thompson99,959
jack.white333,93
jack.white333,251
jack.white66,146
jack.white66,666
jack.williams598,57
jack.williams598,610
jack.williams598,778
jack.wilson46,375
jack.wilson46,469
jack.wilson46,734
karen.brown118,483
karen.brown332,409
karen.brown332,786
karen.brown715,108
karen.brown715,516
karen.davis166,329
karen.garcia133,395
karen.garcia133,427
karen.garcia133,711
karen.garcia489,44
karen.garcia489,596
karen.garcia489,748
karen.garcia562,387
karen.garcia562,459
karen.garcia791,814
karen.garcia791,910
karen.hall509,518
karen.hall703,559
karen.hall703,790
karen.harris3,84
karen.harris3,416
karen.harris345,176
karen.jones303,110
karen.jones303,244
karen.jones303,826
karen.jones537,239
karen.king898,279
karen.king898,321
karen.king898,698
karen.lee282,536
karen.lee282,929
karen.lee491,222
karen.lee491,419
karen.lee491,601
karen.lee77,126
karen.lee77,382
karen.lewis400,323
karen.martin577,70
karen.martin577,484
karen.martin577,848
karen.martinez707,468
karen.martinez707,891
karen.miller468,348
karen.miller468,589
karen.miller468,771
karen.miller481,352
karen.miller853,283
karen.miller853,518
karen.miller853,578
karen.moore187,209
karen.moore187,566
karen.moore187,814
karen.moore804,337
karen.moore804,674
karen.moore804,716
karen.robinson512,779
karen.scott573,96
karen.scott573,729
karen.smith21,424
karen.taylor658,651
karen.taylor658,834
karen.taylor99,559
karen.thomas680,231
karen.thomas680,595
karen.thomas680,948
karen.thomas708,152
karen.thomas708,423
karen.thomas708,838
karen.thompson560,495
karen.thompson560,780
karen.thompson560,826
karen.walker576,648
karen.williams510,241
karen.williams510,341
karen.wilson140,725
karen.wilson795,715
karen.wilson795,914
karen.young295,863
karen.young536,140
karen.young536,342
karen.young536,1009
liam.allen682,423
liam.allen922,219
liam.allen960,648
liam.allen960,702
liam.brown738,905
liam.davis622,143
liam.davis622,552
liam.davis622,596
liam.davis783,151
liam.davis783,862
liam.garcia384,713
liam.hall754,104
liam.hall754,676
liam.hall754,794
liam.hall920,234
liam.hall920,697
liam.hall921,158
liam.hall921,159
liam.hall921,865
liam.hall926,555
liam.hall926,795
liam.hall926,933
liam.jackson700,219
liam.jackson700,720
liam.jackson700,923
liam.johnson147,302
liam.johnson147,792
liam.johnson147,909
liam.johnson170,539
liam.king809,244
liam.king809,812
liam.lee901,97
liam.lee901,373
liam.lee901,871
liam.lewis44,415
liam.lewis731,303
liam.miller455,901
liam.miller478,1
liam.miller478,773
liam.miller542,153
liam.miller542,436
liam.miller542,771
liam.moore96,539
liam.moore96,976
liam.robinson573,189
liam.robinson573,237
liam.robinson573,247
liam.robinson999,705
liam.robinson999,809
liam.robinson999,830
liam.rodriguez211,164
liam.rodriguez211,453
liam.rodriguez211,882
liam.rodriguez237,741
liam.scott182,368
liam.scott46,187
liam.scott46,684
liam.scott46,958
liam.scott686,64
liam.scott686,252
liam.scott686,992
liam.scott752,62
liam.smith548,469
liam.smith548,715
liam.smith548,887
liam.smith764,271
liam.thomas531,563
liam.thompson213,123
liam.thompson213,129
liam.thompson213,318
liam.walker865,224
liam.white477,109
liam.williams627,299
liam.williams627,315
mia.allen198,105
mia.allen198,723
mia.allen198,986
mia.anderson2,212
mia.anderson2,372
mia.anderson336,182
mia.anderson336,880
mia.anderson372,130
mia.anderson372,707
mia.anderson372,893
mia.anderson665,179
mia.anderson665,644
mia.anderson835,95
mia.anderson835,471
mia.anderson855,604
mia.anderson855,897
mia.brown77,29
mia.brown77,321
mia.brown77,397
mia.clark848,127
mia.clark848,844
mia.clark848,867
mia.clark984,925
mia.garcia837,525
mia.harris143,329
mia.harris143,391
mia.harris143,406
mia.johnson495,14
mia.johnson495,164
mia.johnson495,289
mia.johnson741,762
mia.johnson741,874
mia.jones503,114
mia.jones503,888
mia.jones74,169
mia.jones74,798
mia.jones899,187
mia.jones899,749
mia.lewis558,741
mia.lewis558,1003
mia.martin670,40
mia.martin909,168
mia.martin909,252
mia.martin909,760
mia.miller424,166
mia.miller424,299
mia.miller424,420
mia.miller610,983
mia.miller65,302
mia.miller65,305
mia.miller65,829
mia.moore978,299
mia.moore978,565
mia.robinson106,520
mia.robinson160,59
mia.robinson160,330
mia.robinson160,543
mia.rodriguez985,282
mia.rodriguez985,398
mia.rodriguez985,872
mia.scott49,576
mia.scott936,192
mia.taylor118,329
mia.taylor118,943
mia.thomas125,323
mia.thomas125,921
mia.thomas240,544
mia.thomas823,619
mia.thompson509,434
mia.thompson509,487
mia.walker474,45
mia.walker474,86
mia.walker474,320
mia.walker872,314
mia.white682,550
mia.white791,699
mia.white791,1003
mia.williams106,225
mia.williams618,742
mia.young735,13
mia.young735,267
mia.young735,588
mia.young861,138
mia.young861,378
nathan.allen730,708
nathan.brown330,6
nathan.brown330,681
nathan.brown41,1
nathan.brown41,295
nathan.brown496,116
nathan.clark325,373
nathan.clark325,685
nathan.clark325,744
nathan.garcia931,391
nathan.garcia931,812
nathan.hall425,448
nathan.harris44,120
nathan.harris44,326
nathan.harris44,756
nathan.johnson912,636
nathan.jones623,460
nathan.jones623,555
nathan.jones687,156
nathan.jones687,375
nathan.jones687,596
nathan.king881,99
nathan.lee533,842
nathan.lewis22,37
nathan.lewis22,64
nathan.lewis22,799
nathan.martin30,154
nathan.martin30,450
nathan.miller102,368
nathan.miller102,559
nathan.miller102,784
nathan.miller574,191
nathan.moore275,392
nathan.moore275,463
nathan.moore275,803
nathan.robinson475,65
nathan.robinson475,423
nathan.robinson475,939
nathan.robinson924,382
nathan.robinson924,853
nathan.rodriguez247,67
nathan.rodriguez247,333
nathan.rodriguez247,630
nathan.scott167,852
nathan.scott167,907
nathan.scott167,985
nathan.smith330,264
nathan.smith330,297
nathan.smith330,992
nathan.taylor231,76
nathan.taylor231,883
nathan.taylor231,988
nathan.taylor947,597
nathan.taylor947,786
nathan.thompson48,286
nathan.thompson48,688
nathan.thompson48,754
nathan.thompson991,94
nathan.thompson991,748
nathan.walker263,40
nathan.walker263,608
nathan.walker548,597
nathan.walker871,146
nathan.walker871,233
nathan.white178,137
nathan.white178,434
nathan.williams439,420
nathan.williams72,227
nathan.williams72,390
nathan.williams72,934
nathan.young190,423
nathan.young190,521
nathan.young190,798
nathan.young518,39
nathan.young518,368
nathan.young518,794
nathan.young71,372
nathan.young71,718
nathan.young71,997
olivia.allen376,514
olivia.allen376,704
olivia.anderson729,23
olivia.anderson729,515
olivia.anderson729,563
olivia.brown806,105
olivia.brown806,461
olivia.clark110,279
olivia.clark110,885
olivia.davis852,97
olivia.davis852,377
olivia.garcia471,99
olivia.garcia471,102
olivia.garcia774,460
olivia.hall528,311
olivia.hall528,572
olivia.hall528,696
olivia.hall990,661
olivia.hall990,765
olivia.hall990,966
olivia.harris652,608
olivia.harris931,397
olivia.harris931,477
olivia.jackson924,366
olivia.jackson924,676
olivia.jones952,917
olivia.jones952,936
olivia.lee519,278
olivia.lewis100,147
olivia.lewis100,233
olivia.lewis100,584
olivia.lewis664,303
olivia.lewis664,990
olivia.martin237,328
olivia.martin237,716
olivia.martin237,760
olivia.martin25,207
olivia.martin25,782
olivia.martin288,814
olivia.martin360,202
olivia.martin360,823
olivia.martin570,329
olivia.martin689,732
olivia.martin689,751
olivia.martinez161,299
olivia.miller466,366
olivia.miller466,825
olivia.miller466,889
olivia.miller694,264
olivia.miller833,247
olivia.miller833,823
olivia.moore485,275
olivia.moore485,654
olivia.moore665,104
olivia.smith582,98
olivia.smith582,549
olivia.smith582,679
olivia.smith784,346
olivia.smith927,168
olivia.smith927,679
olivia.smith927,900
olivia.taylor596,962
olivia.thompson632,243
olivia.thompson632,952
olivia.thompson634,292
olivia.thompson634,785
olivia.thompson902,256
olivia.walker531,833
olivia.walker531,910
olivia.walker531,954
olivia.walker897,981
olivia.white514,673
olivia.williams329,535
olivia.williams329,631
olivia.williams45,308
olivia.wilson278,638
olivia.wilson35,108
olivia.wilson35,417
olivia.wilson35,458
olivia.wilson830,468
olivia.wilson830,476
olivia.wilson830,549
olivia.young13,668
olivia.young13,702
olivia.young390,709
olivia.young390,744
paul.allen363,59
paul.allen363,539
paul.allen363,737
paul.allen594,205
paul.allen594,909
paul.brown202,597
paul.brown202,619
paul.brown202,649
paul.brown491,185
paul.brown491,470
paul.brown684,256
paul.brown684,529
paul.brown684,736
paul.brown935,69
paul.brown935,115
paul.brown935,528
paul.clark446,38
paul.clark446,113
paul.clark446,759
paul.davis95,133
paul.davis95,308
paul.garcia501,169
paul.garcia501,237
paul.garcia501,443
paul.garcia996,143
paul.garcia996,537
paul.garcia996,973
paul.harris915,256
paul.jackson208,338
paul.jackson208,344
paul.jackson208,883
paul.jackson50,378
paul.jackson50,427
paul.jackson50,959
paul.jackson520,568
paul.jones270,12
paul.jones270,417
paul.jones270,723
paul.king702,1007
paul.lee133,33
paul.martinez32,10
paul.martinez32,456
paul.martinez32,686
paul.martinez404,968
paul.martinez404,992
paul.miller208,840
paul.miller208,900
paul.moore578,18
paul.moore578,34
paul.moore703,232
paul.moore703,999
paul.moore789,796
paul.moore789,974
paul.moore92,299
paul.moore92,389
paul.robinson365,903
paul.rodriguez223,222
paul.rodriguez400,369
paul.rodriguez400,923
paul.rodriguez400,997
paul.rodriguez491,747
paul.taylor319,237
paul.walker924,427
paul.walker924,589
paul.williams261,727
paul.williams261,772
paul.wilson569,517
paul.wilson569,592
paul.wilson998,296
paul.wilson998,690
paul.young991,51
paul.young991,730
quincy.allen206,77
quincy.allen7,554
quincy.allen7,563
quincy.anderson844,504
quincy.brown649,341
quincy.brown922,404
quincy.brown922,590
quincy.brown922,828
quincy.clark132,729
quincy.garcia287,506
quincy.garcia287,597
quincy.garcia287,714
quincy.garcia998,428
quincy.hall359,452
quincy.hall359,517
quincy.hall390,606
quincy.harris230,575
quincy.harris230,828
quincy.harris230,911
quincy.harris295,68
quincy.harris295,306
quincy.harris295,527
quincy.harris569,96
quincy.harris569,761
quincy.harris791,46
quincy.johnson684,755
quincy.johnson999,441
quincy.jones276,243
quincy.jones653,256
quincy.jones653,800
quincy.lee791,509
quincy.lee825,253
quincy.lee825,623
quincy.lee825,952
quincy.lee977,235
quincy.lewis790,192
quincy.lewis790,486
quincy.lewis790,576
quincy.lewis863,260
quincy.lewis863,799
quincy.lewis863,924
quincy.martin157,97
quincy.martin30,356
quincy.martin30,978
quincy.martin499,103
quincy.martin499,662
quincy.martin499,830
quincy.martin547,56
quincy.martin547,151
quincy.martinez858,43
quincy.martinez858,713
quincy.miller298,223
quincy.miller298,750
quincy.miller298,990
quincy.miller419,663
quincy.miller900,694
quincy.miller900,822
quincy.moore491,30
quincy.moore491,336
quincy.moore642,671
quincy.moore673,350
quincy.moore673,651
quincy.robinson894,230
quincy.robinson894,480
quincy.robinson894,981
quincy.rodriguez271,399
quincy.rodriguez287,910
quincy.rodriguez319,788
quincy.rodriguez821,159
quincy.rodriguez821,280
quincy.rodriguez821,825
quincy.scott339,433
quincy.scott339,579
quincy.scott712,123
quincy.taylor795,352
quincy.taylor795,998
quincy.thomas305,385
quincy.thomas305,434
quincy.thomas305,737
quincy.walker462,185
quincy.walker963,41
quincy.walker963,634
quincy.williams853,616
quincy.williams853,803
quincy.wilson14,739
quincy.wilson816,9
quincy.wilson816,399
quincy.young635,245
quincy.young635,392
rachel.allen242,281
rachel.allen242,305
rachel.allen242,535
rachel.allen31,505
rachel.allen31,600
rachel.allen31,977
rachel.allen38,204
rachel.allen38,486
rachel.allen38,1007
rachel.anderson812,587
rachel.brown281,322
rachel.brown281,568
rachel.brown281,717
rachel.clark975,990
rachel.davis183,235
rachel.davis462,291
rachel.jackson988,345
rachel.jackson988,532
rachel.jones764,160
rachel.jones764,200
rachel.jones764,225
rachel.king925,144
rachel.lee177,482
rachel.lewis496,231
rachel.lewis496,669
rachel.lewis496,875
rachel.lewis941,599
rachel.lewis941,759
rachel.lewis941,805
rachel.martin26,185
rachel.martin26,307
rachel.martin26,932
rachel.martin317,140
rachel.martin317,836
rachel.martin317,940
rachel.miller818,225
rachel.moore787,241
rachel.robinson44,33
rachel.robinson44,494
rachel.robinson661,477
rachel.robinson661,584
rachel.robinson661,884
rachel.robinson711,762
rachel.robinson711,871
rachel.robinson809,210
rachel.robinson809,305
rachel.robinson809,600
rachel.rodriguez819,154
rachel.rodriguez819,416
rachel.rodriguez819,698
rachel.rodriguez873,130
rachel.scott246,134
rachel.scott338,220
rachel.scott338,305
rachel.scott669,331
rachel.scott669,466
rachel.scott669,528
rachel.scott941,706
rachel.smith336,391
rachel.smith760,36
rachel.smith760,554
rachel.smith760,647
rachel.taylor45,101
rachel.taylor45,874
rachel.taylor816,339
rachel.thomas152,110
rachel.thomas152,235
rachel.thomas152,346
rachel.thomas323,118
rachel.thomas323,862
rachel.thompson644,761
rachel.thompson644,793
rachel.thompson969,369
rachel.thompson969,839
rachel.thompson969,887
rachel.walker435,117
rachel.walker435,572
rachel.white369,908
rachel.williams691,104
rachel.williams691,213
rachel.williams691,948
rachel.williams954,127
rachel.williams954,742
rachel.williams954,851
rachel.wilson15,771
rachel.wilson350,125
rachel.wilson350,239
rachel.wilson350,607
rachel.wilson458,726
rachel.young165,116
rachel.young165,507
rachel.young165,526
rachel.young620,2
rachel.young620,189
steve.anderson150,291
steve.anderson150,513
steve.anderson150,934
steve.anderson793,533
steve.anderson793,622
steve.anderson793,877
steve.anderson850,200
steve.anderson850,243
steve.brown447,292
steve.clark121,30
steve.clark121,248
steve.clark288,1001
steve.clark56,379
steve.clark56,410
steve.garcia178,452
steve.garcia178,658
steve.garcia389,624
steve.garcia389,676
steve.garcia389,985
steve.garcia881,407
steve.hall39,764
steve.hall39,927
steve.hall39,932
steve.hall851,375
steve.hall851,489
steve.harris935,347
steve.harris935,1009
steve.jackson833,611
steve.jackson942,62
steve.jackson942,398
steve.johnson239,149
steve.jones302,34
steve.jones302,601
steve.jones970,195
steve.jones970,534
steve.jones970,638
steve.lee206,509
steve.lee206,897
steve.martinez601,35
steve.martinez601,173
steve.martinez601,447
steve.martinez71,645
steve.martinez71,840
steve.martinez71,936
steve.miller118,570
steve.miller118,677
steve.miller193,80
steve.miller193,373
steve.miller193,899
steve.miller524,370
steve.miller524,639
steve.miller524,840
steve.moore410,192
steve.moore410,266
steve.moore410,710
steve.moore63,102
steve.robinson66,34
steve.robinson66,201
steve.robinson66,718
steve.scott390,41
steve.scott390,482
steve.scott513,304
steve.scott513,399
steve.scott513,446
steve.scott626,4
steve.scott626,278
steve.scott689,357
steve.scott689,393
steve.taylor251,59
steve.thomas104,464
steve.thomas242,374
steve.thomas242,543
steve.thomas242,566
steve.white468,681
steve.wilson786,578
steve.wilson786,802
steve.wilson850,280
steve.wilson850,884
steve.wilson929,222
steve.wilson929,984
steve.young951,124
tina.allen803,57
tina.allen803,491
tina.allen803,533
tina.brown461,75
tina.brown461,476
tina.brown811,579
tina.davis188,457
tina.davis193,400
tina.davis193,800
tina.davis193,912
tina.garcia178,638
tina.garcia375,890
tina.garcia710,182
tina.garcia710,768
tina.garcia710,950
tina.hall206,650
tina.jackson625,116
tina.johnson28,853
tina.jones463,361
tina.jones463,532
tina.king631,562
tina.lee924,528
tina.lee924,769
tina.lee924,992
tina.lewis697,51
tina.martin475,755
tina.martin827,210
tina.martin827,468
tina.martin827,534
tina.martin839,616
tina.martin839,787
tina.martinez265,97
tina.martinez265,374
tina.martinez265,568
tina.moore633,24
tina.moore633,798
tina.moore633,825
tina.moore857,125
tina.moore857,487
tina.moore857,524
tina.robinson432,536
tina.robinson432,675
tina.robinson432,803
tina.robinson708,914
tina.robinson98,304
tina.rodriguez925,611
tina.rodriguez925,762
tina.scott524,477
tina.scott524,479
tina.scott524,604
tina.smith862,71
tina.smith862,107
tina.smith862,425
tina.taylor211,417
tina.taylor316,1
tina.taylor316,901
tina.taylor501,715
tina.taylor696,951
tina.taylor706,268
tina.taylor706,570
tina.taylor706,871
tina.thomas412,183
tina.thomas412,274
tina.thompson710,97
tina.thompson710,121
tina.thompson710,750
tina.white658,468
tina.white658,607
tina.white658,716
tina.williams370,375
tina.williams383,294
tina.williams383,429
tina.williams532,174
tina.williams532,255
tina.williams913,160
tina.williams913,384
tina.williams913,857
tina.young248,20
tina.young373,305
tina.young373,719
tina.young373,898
tina.young726,580
uma.allen877,940
uma.anderson924,504
uma.anderson924,739
uma.brown141,208
uma.brown141,291
uma.brown141,830
uma.brown276,105
uma.brown276,246
uma.brown276,783
uma.brown751,366
uma.brown751,396
uma.brown751,708
uma.clark149,546
uma.clark503,609
uma.clark800,152
uma.clark978,707
uma.davis876,72
uma.davis876,771
uma.davis876,961
uma.davis913,343
uma.davis913,793
uma.davis913,955
uma.garcia142,178
uma.garcia142,664
uma.garcia223,54
uma.hall397,449
uma.hall397,708
uma.jackson578,42
uma.jackson578,986
uma.johnson507,197
uma.johnson625,103
uma.johnson625,603
uma.johnson625,649
uma.lewis228,749
uma.lewis82,874
uma.lewis82,949
uma.lewis82,994
uma.martin126,157
uma.martin936,229
uma.miller290,381
uma.miller290,384
uma.miller290,702
uma.moore184,747
uma.moore629,407
uma.moore629,612
uma.scott888,89
uma.scott888,98
uma.smith127,207
uma.smith127,244
uma.smith127,729
uma.smith286,339
uma.smith458,82
uma.smith458,800
uma.thomas523,38
uma.thomas523,245
uma.walker157,256
uma.walker157,570
uma.walker157,704
uma.walker941,196
uma.walker941,242
uma.walker941,451
uma.white565,404
uma.white565,764
uma.white73,388
uma.williams792,407
uma.wilson598,824
uma.young17,386
uma.young17,935
uma.young218,671
uma.young218,821
uma.young218,920
victor.brown113,187
victor.brown113,254
victor.brown120,807
victor.brown639,974
victor.brown701,505
victor.brown701,675
victor.brown701,727
victor.clark264,331
victor.clark412,799
victor.clark412,963
victor.clark481,733
victor.clark966,201
victor.clark966,559
victor.clark966,589
victor.hall86,953
victor.harris388,23
victor.harris388,332
victor.harris388,810
victor.harris631,295
victor.harris631,953
victor.jackson178,231
victor.jackson178,491
victor.johnson133,171
victor.johnson133,337
victor.johnson133,489
victor.johnson139,131
victor.johnson139,494
victor.jones455,573
victor.jones455,713
victor.jones455,978
victor.king389,499
victor.king389,592
victor.king389,659
victor.king531,60
victor.king531,326
victor.king531,523
victor.king876,100
victor.king876,328
victor.king919,596
victor.lee171,835
victor.lewis228,261
victor.lewis414,108
victor.lewis414,221
victor.lewis531,520
victor.lewis531,822
victor.martin338,390
victor.martin858,5
victor.martin858,426
victor.martin858,971
victor.martinez123,717
victor.martinez123,779
victor.martinez123,819
victor.martinez307,655
victor.martinez307,758
victor.miller251,339
victor.miller251,750
victor.moore799,62
victor.moore799,210
victor.moore799,271
victor.moore954,713
victor.robinson963,59
victor.rodriguez728,242
victor.scott427,220
victor.scott427,529
victor.smith356,570
victor.smith356,918
victor.smith356,923
victor.taylor939,21
victor.thomas524,416
victor.thomas524,727
victor.thomas524,766
victor.thomas566,63
victor.thomas566,865
victor.thomas632,99
victor.thomas632,439
victor.thomas632,647
victor.thompson43,150
victor.thompson43,495
victor.thompson43,798
victor.walker102,794
victor.walker485,92
victor.walker493,519
victor.walker493,753
victor.walker493,971
victor.white280,233
victor.white280,542
victor.white948,586
victor.white948,687
victor.white948,796
victor.williams763,625
victor.williams763,714
victor.williams875,808
victor.williams875,911
victor.wilson199,193
victor.young528,349
victor.young528,556
victor.young528,698
wendy.clark765,275
wendy.clark765,500
wendy.clark765,608
wendy.garcia205,774
wendy.garcia463,632
wendy.garcia463,749
wendy.garcia463,842
wendy.garcia850,89
wendy.garcia850,163
wendy.garcia850,571
wendy.hall443,83
wendy.hall443,457
wendy.hall443,723
wendy.hall879,210
wendy.hall879,339
wendy.hall879,798
wendy.harris421,57
wendy.harris421,975
wendy.jackson655,132
wendy.jackson655,649
wendy.jackson655,682
wendy.jackson866,602
wendy.johnson514,555
wendy.johnson514,905
wendy.jones103,265
wendy.jones103,475
wendy.jones103,823
wendy.jones766,249
wendy.king330,196
wendy.king330,386
wendy.king330,949
wendy.king465,172
wendy.king465,594
wendy.lee400,786
wendy.lee83,512
wendy.lee83,591
wendy.lewis293,196
wendy.lewis293,455
wendy.lewis398,185
wendy.lewis398,255
wendy.lewis398,721
wendy.lewis81,274
wendy.lewis81,554
wendy.lewis81,925
wendy.martin497,599
wendy.martinez133,416
wendy.martinez133,834
wendy.martinez133,953
wendy.martinez950,147
wendy.martinez950,303
wendy.martinez950,936
wendy.robinson613,385
wendy.robinson613,980
wendy.rodriguez401,285
wendy.rodriguez401,961
wendy.rodriguez673,8
wendy.rodriguez673,839
wendy.rodriguez673,946
wendy.scott121,39
wendy.scott121,671
wendy.smith764,56
wendy.taylor271,392
wendy.taylor873,70
wendy.taylor873,502
wendy.taylor873,982
wendy.thomas227,199
wendy.thomas227,627
wendy.thomas227,847
wendy.thompson451,338
wendy.thompson451,453
wendy.thompson451,581
wendy.white884,244
wendy.wilson869,189
wendy.young962,935
xander.allen44,361
xander.allen44,851
xander.allen923,64
xander.allen923,192
xander.allen923,947
xander.anderson570,725
xander.clark605,174
xander.clark605,245
xander.clark899,197
xander.clark899,397
xander.clark899,487
xander.davis60,34
xander.davis60,310
xander.davis60,570
xander.davis63,57
xander.davis655,195
xander.davis655,351
xander.davis732,644
xander.hall237,131
xander.hall237,946
xander.hall86,632
xander.jackson574,897
xander.johnson485,659
xander.jones83,975
xander.lee256,562
xander.lee282,259
xander.lee282,775
xander.lewis651,588
xander.lewis651,742
xander.lewis651,898
xander.martin557,284
xander.martin705,645
xander.martinez473,509
xander.martinez473,850
xander.martinez473,999
xander.miller290,10
xander.moore204,489
xander.moore204,735
xander.moore204,877
xander.moore235,359
xander.moore235,658
xander.moore235,859
xander.robinson619,177
xander.robinson737,410
xander.rodriguez905,205
xander.rodriguez905,865
xander.scott362,67
xander.scott775,157
xander.scott775,290
xander.smith855,261
xander.smith855,652
xander.smith855,936
xander.smith943,859
xander.smith943,970
xander.taylor694,142
xander.taylor694,633
xander.walker805,281
xander.walker805,864
xander.walker941,688
xander.walker941,830
xander.walker941,1003
xander.white60,402
xander.white60,818
xander.williams207,203
yara.anderson358,410
yara.anderson358,553
yara.anderson358,806
yara.anderson968,314
yara.anderson968,592
yara.clark166,809
yara.clark166,811
yara.clark183,286
yara.clark800,285
yara.clark800,721
yara.davis265,626
yara.davis265,659
yara.davis364,79
yara.davis364,729
yara.davis643,736
yara.davis980,504
yara.davis980,984
yara.garcia513,157
yara.garcia513,197
yara.garcia513,220
yara.hall184,65
yara.hall273,530
yara.harris155,788
yara.harris499,744
yara.harris499,841
yara.jackson681,174
yara.jackson681,560
yara.jackson681,834
yara.jones137,220
yara.jones137,410
yara.jones137,987
yara.lee437,550
yara.lee437,995
yara.lee541,379
yara.lee541,570
yara.lee541,659
yara.lewis14,107
yara.lewis14,176
yara.lewis14,373
yara.miller192,158
yara.miller192,653
yara.miller192,730
yara.miller313,462
yara.miller313,515
yara.miller313,684
yara.moore880,50
yara.moore880,867
yara.moore880,983
yara.robinson722,814
yara.robinson722,898
yara.robinson722,925
yara.robinson833,174
yara.robinson833,910
yara.scott808,333
yara.scott808,860
yara.scott808,887
yara.smith760,486
yara.smith760,915
yara.taylor595,671
yara.taylor595,813
yara.thomas279,608
yara.thomas279,730
yara.thomas279,796
yara.thompson774,347
yara.thompson774,573
yara.walker273,496
yara.walker273,989
yara.white459,287
yara.white459,308
yara.white459,670
yara.white526,488
yara.white526,830
yara.white856,27
yara.white856,320
yara.white856,772
yara.wilson890,830
zane.allen192,142
zane.allen192,692
zane.allen192,997
zane.brown184,752
zane.brown303,496
zane.brown303,735
zane.davis922,560
zane.harris583,702
zane.jackson391,216
zane.jackson391,488
zane.jackson865,34
zane.johnson412,25
zane.johnson412,305
zane.johnson412,560
zane.jones769,17
zane.jones769,892
zane.king707,520
zane.king707,750
zane.lee377,94
zane.lee377,113
zane.lee403,510
zane.lee403,855
zane.lee403,993
zane.martin406,186
zane.martin406,228
zane.martin406,573
zane.martin600,801
zane.martin600,819
zane.martinez231,595
zane.martinez425,133
zane.martinez425,537
zane.martinez425,546
zane.miller315,279
zane.miller315,992
zane.moore408,386
zane.moore408,753
zane.moore408,939
zane.robinson831,583
zane.robinson831,646
zane.rodriguez15,248
zane.rodriguez15,749
zane.rodriguez15,925
zane.scott479,53
zane.scott479,54
zane.scott479,714
zane.smith246,501
zane.smith246,765
zane.smith481,468
zane.smith481,869
zane.thompson113,315
zane.thompson113,697
zane.thompson762,95
zane.walker521,322
zane.walker521,980
zane.white736,195
zane.white907,265
zane.white915,334
zane.white915,913
zane.white970,101
zane.white970,909
zane.williams135,111
zane.williams135,457
zane.williams710,473
zane.young551,268
zane.young551,875
