0,resorcinol and sulfur (topical route),sulfur topical
1,procaine penicillin,piperacillin and tazobactam
2,adalimumab-afzb (subcutaneous route),ampicillin and sulbactam
3,doxycycline (oral route),amikacin (injection route)
4,,
5,clindamycin (oral/injection),almotriptan
6,tetracycline,
7,,eletriptan
8,adalimumab-atto (subcutaneous route),
9,avibactam and ceftazidime,doxycycline tablets and capsules
10,,infliximab-qbtx (intravenous route)
11,,sulfur and sulfacetamide cream and gel
12,,secukinumab
13,,benzoyl peroxide and tretinoin
14,methylergonovine (oral and injection),ubrogepant brand name: ubrelvy
15,,sulfur and salicylic acid lotion
16,erythromycin and benzoyl peroxide (topical route),levothyroxine
17,ertapenem,sulfur and salicylic acid lotion
18,salicylic acid pads (acne),
19,ceftazidime (injection),
20,ergotamine and caffeine (oral route),minocycline (mucous membrane powder)
21,,orphenadrine
22,,methylergonovine (oral and injection)
23,,procaine penicillin
24,sumatriptan (nasal route),calcipotriene topical
25,penicillin g benzathine and penicillin g procaine,delafloxacin (oral/injection)
26,vancomycin (oral route),ampicillin and sulbactam
27,erythromycin topical,levothyroxine
28,magnesium hydroxide,zolmitriptan
29,,metronidazole (oral/injection)
30,azelaic acid topical,
31,,infliximab-qbtx (intravenous route)
32,doxycycline,
33,sulfur topical,clobetasol topical
34,isotretinoin (oral),aztreonam (injection)
35,amikacin (injection route),liothyronine
36,clascoterone topical,ampicillin and sulbactam
37,ustekinumab brand name: stelara,piperacillin
38,,nafcillin (injection)
39,spironolactone,
40,,sulfur topical
41,trifarotene,ergotamine and caffeine suppositories
42,anthralin (topical route),calcitriol (topical)
43,,guselkumab
44,cefotaxime,salicylic acid and sulfur (topical route)
45,magnesium hydroxide,
46,salicylic acid topical,ergotamine
47,orphenadrine,guselkumab brand name: tremfya
48,,betamethasone and calcipotriene (topical application route)
49,adalimumab-aqvh (subcutaneous route),gentamicin
50,,ceftaroline
51,,nafcillin (injection)
52,,levothyroxine
53,ustekinumab brand name: stelara,salicylic acid topical
54,pramoxine and hydrocortisone rectal foam,
55,,
56,,
57,,dihydroergotamine (injection route)
58,,isotretinoin (oral)
59,pramoxine and hydrocortisone rectal cream,cefotaxime
60,,coal tar topical
61,,magnesium hydroxide
62,,adalimumab-bwwd (subcutaneous route)
63,retapamulin topical,adalimumab-fkjp (subcutaneous route)
64,,salicylic acid (topical route)
65,dihydroergotamine (nasal),infliximab-qbtx (intravenous route)
66,guselkumab,tretinoin topical
67,isotretinoin (systemic),sumatriptan
68,,ethinyl estradiol and norethindrone (hrt)
69,,
70,anthralin (topical route),liothyronine
71,,
72,clascoterone,cefoxitin
73,ceftazidime (injection),coal tar and salicylic acid
74,adapalene topical,salicylic acid pads and plaster (corns)
75,,piperacillin
76,cyclosporine (oral route),diclofenac
77,clindamycin and tretinoin (topical),zolmitriptan (oral)
78,,thyroid desiccated
79,lefamulin (oral/injection),
80,,aztreonam (inhalation)
81,sulfamethoxazole and trimethoprim (oral route),clindamycin (oral route)
82,,piperacillin
83,pramoxine and hydrocortisone rectal foam,amikacin
84,,erythromycin and benzoyl peroxide
85,ethinyl estradiol and drospirenone,caffeine and ergotamine (oral/rectal)
86,clindamycin (topical route),sulfur and salicylic acid lotion
87,,
88,adalimumab-bwwd (subcutaneous route),acitretin
89,adalimumab-adaz (subcutaneous route),methotrexate (oral)
90,,pramoxine and hydrocortisone foam
91,,magnesium hydroxide suspension
92,sumatriptan,oxacillin (injection)
93,levothyroxine,adalimumab-afzb (subcutaneous route)
94,,
95,bacitracin (injection),penicillin g sodium
96,spironolactone,ceftolozane and tazobactam
97,azelaic acid topical,benzoyl peroxide and clindamycin topical
98,calcitriol (topical),infliximab-abda
99,oxacillin (injection),hydroxyurea
100,adalimumab-adaz (subcutaneous route),erythromycin and benzoyl peroxide
101,benzoyl peroxide/sulfur gel,adalimumab-fkjp (subcutaneous route)
102,penicillin v potassium oral solution,zolmitriptan
103,,penicillin v
104,celecoxib,doxycycline injection
105,,adalimumab-adbm (subcutaneous route)
106,dihydroergotamine (injection),guselkumab
107,,
108,hydroxyurea,
109,erythromycin topical,
110,naproxen and sumatriptan,benzoyl peroxide and salicylic acid (topical)
111,,trifarotene
112,piperacillin,
113,infliximab-dyyb,coal tar (topical route)
114,erythromycin and benzoyl peroxide,prednisolone
115,,
116,betamethasone and calcipotriene (topical application route),ceftaroline
117,adalimumab-aqvh (subcutaneous route),oxacillin (injection)
118,benzoyl peroxide (topical route),coal tar topical
119,,
120,clindamycin and tretinoin (topical),benzoyl peroxide and hydrocortisone topical
121,minocycline,levothyroxine (oral/injection)
122,,avibactam and ceftazidime
123,benzoyl peroxide and erythromycin topical,infliximab-abda
124,,benzoyl peroxide topical
125,,tacrolimus topical
126,thyroid desiccated,sumatriptan (injection)
127,lefamulin (oral/injection),
128,penicillin g sodium,acitretin
129,clindamycin and tretinoin (topical),sulfamethoxazole and trimethoprim (oral)
130,ustekinumab,
131,tretinoin topical,calcipotriene
132,,
133,ergotamine and caffeine (oral route),"aspirin, butalbital, and caffeine"
134,rimegepant,tigecycline
135,,penicillin g benzathine and penicillin g procaine
136,,tigecycline
137,clascoterone topical,lasmiditan brand name: reyvow
138,tildrakizumab,eletriptan
139,guselkumab brand name: tremfya,
140,infliximab-abda,naratriptan
141,,sumatriptan (injection)
142,,
143,isotretinoin (oral),ixekizumab
144,risankizumab,prednisolone
145,isotretinoin (systemic),calcipotriene
146,,clindamycin
147,pramoxine and hydrocortisone foam,minocycline topical
148,coal tar topical,telavancin
149,naratriptan,pramoxine and hydrocortisone rectal cream
150,,thyroid desiccated
151,sulfur and sulfacetamide foam,guselkumab
152,sulfur and sulfacetamide foam,adalimumab-aqvh (subcutaneous route)
153,benzoyl peroxide/sulfur gel,benzoyl peroxide and erythromycin topical
154,,sulfamethoxazole and trimethoprim
155,adalimumab-atto (subcutaneous route),
156,penicillin g benzathine and penicillin g procaine,
157,ergotamine and caffeine suppositories,ceftazidime (injection)
158,,sumatriptan
159,tetracycline,penicillin g benzathine and penicillin g procaine
160,infliximab-axxq,tazarotene topical
161,sumatriptan (oral/nasal),
162,,ethinyl estradiol and norethindrone (hrt)
163,benzoyl peroxide and erythromycin topical,
164,,betamethasone and calcipotriene (topical application route)
165,zolmitriptan,guselkumab
166,sulfamethoxazole and trimethoprim,adalimumab-fkjp (subcutaneous route)
167,rimegepant,penicillin g sodium
168,levothyroxine (oral route),benzoyl peroxide pads with vitamin e capsules
169,salicylic acid pads and plaster (corns),tazarotene topical
170,drospirenone and ethinyl estradiol,
171,calcipotriene,adalimumab-adaz (subcutaneous route)
172,,clindamycin (oral/injection)
173,,sulfur and sulfacetamide foam
174,,ubrogepant brand name: ubrelvy
175,resorcinol (topical),dihydroergotamine (nasal)
176,,resorcinol (topical)
177,,lasmiditan brand name: reyvow
178,,
179,penicillin v,risankizumab
180,clindamycin (oral/injection),
181,lasmiditan brand name: reyvow,sulfacetamide sodium and sulfur
182,calcitriol (topical),infliximab-axxq
183,caffeine and ergotamine (oral/rectal),oxacillin (injection)
184,,clindamycin (oral route)
185,penicillin v,
186,,sulfur and salicylic acid lotion
187,ceftaroline,pramoxine and hydrocortisone foam
188,magnesium hydroxide suspension,
189,tretinoin topical,methoxsalen (oral)
190,adalimumab,adapalene and benzoyl peroxide (topical)
191,ethinyl estradiol and norethindrone (hrt),
192,methoxsalen (oral),
193,sulfur and salicylic acid lotion,isotretinoin (systemic)
194,benzoyl peroxide topical,
195,trifarotene,erythromycin and benzoyl peroxide (topical route)
196,salicylic acid (topical route),dihydroergotamine (injection route)
197,metronidazole (intravenous route),trifarotene
198,,erythromycin and benzoyl peroxide (topical route)
199,tildrakizumab,ethinyl estradiol and drospirenone
200,piperacillin and tazobactam,lefamulin (oral/injection)
201,magnesium hydroxide suspension,piperacillin and tazobactam
202,,adapalene and benzoyl peroxide (topical)
203,doxycycline (oral route),linezolid (oral/injection)
204,,benzoyl peroxide and salicylic acid (topical)
205,,hydrocortisone and pramoxine (topical/rectal)
206,vancomycin (oral route),cefotetan
207,clindamycin (topical route),sumatriptan
208,sulfur and sulfacetamide cream and gel,betamethasone topical
209,sulfur and sulfacetamide cream and gel,betamethasone and calcipotriene (topical application route)
210,isotretinoin (systemic),orphenadrine
211,cefazolin (injection),sulfur and sulfacetamide cream and gel
212,metronidazole (oral/injection),caffeine and ergotamine (oral/rectal)
213,metronidazole,
214,sulfacetamide sodium and sulfur,adalimumab-fkjp (subcutaneous route)
215,amikacin,
216,ustekinumab,sulfur and salicylic acid soap
217,,doxycycline (oral route)
218,sarecycline,sumatriptan
219,vancomycin (oral),sulfamethoxazole and trimethoprim
220,ubrogepant brand name: ubrelvy,aztreonam (injection)
221,,ceftazidime (injection)
222,trifarotene,lefamulin (oral/injection)
223,trifarotene,ubrogepant
224,doxycycline tablets and capsules,
225,,adalimumab-bwwd (subcutaneous route)
226,secukinumab,trifarotene topical
227,sulfamethoxazole and trimethoprim,doxycycline injection
228,,ubrogepant
229,sulfur and salicylic acid soap,sulfur and sulfacetamide foam
230,omadacycline (oral/injection),clindamycin topical
231,telavancin,sulfur and sulfacetamide foam
232,,
233,,
234,adapalene topical,betamethasone and calcipotriene topical
235,,ethinyl estradiol and drospirenone
236,,oxacillin (injection)
237,oxacillin (injection),anthralin (topical route)
238,minocycline (topical application route),sulfur and salicylic acid lotion
239,penicillin g benzathine and penicillin g procaine,cefazolin (injection route)
240,sulfur and salicylic acid lotion,
241,dihydroergotamine (nasal),guselkumab brand name: tremfya
242,methotrexate (oral),benzoyl peroxide and tretinoin topical
243,celecoxib,levothyroxine
244,linezolid (oral/injection),thyroid desiccated
245,sumatriptan (injection),rizatriptan
246,coal tar (topical route),doxycycline injection
247,guselkumab,benzoyl peroxide/sulfur gel
248,pramoxine and hydrocortisone rectal foam,vancomycin (intravenous route)
249,,
250,,zolmitriptan (oral)
251,doxycycline (oral route),
252,halobetasol topical,
253,,benzoyl peroxide cream
254,dihydroergotamine (injection),secukinumab brand name: cosentyx
255,avibactam and ceftazidime,ergotamine
256,eletriptan,tetracycline hydrochloride
257,dihydroergotamine (injection),magnesium hydroxide suspension
258,halobetasol topical,adapalene and benzoyl peroxide (topical)
259,adalimumab-afzb (subcutaneous route),magnesium hydroxide suspension
260,salicylic acid topical,benzoyl peroxide and salicylic acid (topical)
261,resorcinol (topical),guselkumab
262,pramoxine and hydrocortisone rectal foam,adapalene and benzoyl peroxide (topical)
263,,
264,cefotaxime,aztreonam (injection)
265,naratriptan,lasmiditan
266,retapamulin topical,trifarotene
267,vancomycin capsules,calcitriol (topical)
268,,benzoyl peroxide/sulfur gel
269,,penicillin g potassium
270,piperacillin and tazobactam,benzoyl peroxide
271,salicylic acid pads and plaster (corns),sulfur and salicylic acid soap
272,,erythromycin
273,thyroid desiccated,ethinyl estradiol and norethindrone (hrt)
274,tetracycline hydrochloride,lasmiditan brand name: reyvow
275,adalimumab-fkjp (subcutaneous route),thyroid desiccated
276,sulfur topical,sulfamethoxazole and trimethoprim (oral)
277,,sulfamethoxazole and trimethoprim (oral route)
278,pramoxine and hydrocortisone rectal cream,dihydroergotamine mesylate
279,,benzoyl peroxide wash and cleanser
280,secukinumab brand name: cosentyx,tazarotene topical
281,tetracycline,erythromycin and benzoyl peroxide
282,doxycycline (oral route),dapsone topical
283,piperacillin,vancomycin (intravenous route)
284,adalimumab-bwwd (subcutaneous route),metronidazole (oral/injection)
285,benzoyl peroxide cream,liothyronine (intravenous route)
286,caffeine and ergotamine (oral/rectal),sulfamethoxazole and trimethoprim (oral/injection)
287,tazarotene topical,
288,,clindamycin (oral/injection)
289,,
290,levothyroxine (oral/injection),calcipotriene
291,,guselkumab brand name: tremfya
292,cefotaxime,prednisolone
293,adapalene and benzoyl peroxide (topical),clindamycin (topical route)
294,,
295,benzoyl peroxide and clindamycin topical,methotrexate (oral)
296,adalimumab,telavancin
297,,piperacillin
298,telavancin,sulfur and sulfacetamide cream and gel
299,,coal tar topical
300,secukinumab brand name: cosentyx,adalimumab
301,trifarotene,hydrocortisone acetate and pramoxine hydrochloride
302,salicylic acid pads and plaster (corns),
303,naratriptan,isotretinoin (systemic)
304,clascoterone topical,trifarotene
305,anthralin (topical route),adalimumab-bwwd (subcutaneous route)
306,ustekinumab,trifarotene topical
307,clindamycin topical,vancomycin (oral)
308,,hydrocortisone and pramoxine (topical/rectal)
309,nafcillin (injection),
310,,cefepime (injection)
311,isotretinoin (oral),ceftolozane and tazobactam
312,,sulfur and sulfacetamide cream and gel
313,doxycycline tablets and capsules,clobetasol topical
314,,
315,guselkumab,secukinumab
316,piperacillin,cefazolin (injection route)
317,aztreonam (injection),salicylic acid pads (acne)
318,,doxycycline
319,minocycline (topical application route),cefotetan
320,betamethasone and calcipotriene (topical application route),nafcillin (injection)
321,,lasmiditan
322,erythromycin,
323,,
324,trifarotene,rizatriptan
325,infliximab-qbtx (intravenous route),tetracycline
326,ertapenem,betamethasone topical
327,gentamicin,ertapenem
328,doxycycline tablets and capsules,levothyroxine (oral route)
329,frovatriptan,
330,,tazarotene topical
331,hydrocortisone acetate and pramoxine hydrochloride,lasmiditan brand name: reyvow
332,coal tar (topical route),benzoyl peroxide/sulfur gel
333,oxacillin (injection),retapamulin topical
334,pramoxine and hydrocortisone foam,adalimumab
335,,azelaic acid topical
336,,sulfur topical
337,pramoxine and hydrocortisone rectal foam,benzoyl peroxide
338,sumatriptan,ergotamine and caffeine suppositories
339,,
340,ubrogepant brand name: ubrelvy,levothyroxine sodium
341,,tacrolimus topical
342,penicillin v potassium oral solution,sulfacetamide sodium and sulfur
343,naratriptan,tobramycin (inhalation)
344,,ethinyl estradiol and drospirenone
345,,prednisolone
346,infliximab-dyyb,cefotaxime
347,,
348,piperacillin,
349,frovatriptan,orphenadrine
350,halobetasol and tazarotene topical,almotriptan
351,ustekinumab,orphenadrine
352,,salicylic acid topical
353,penicillin v,hydroxyurea
354,methotrexate (injection),betamethasone topical
355,,procaine penicillin
356,,betamethasone and calcipotriene topical
357,halobetasol topical,dihydroergotamine (nasal)
358,,ergotamine
359,tretinoin topical,ergotamine and caffeine (oral route)
360,sulfamethoxazole and trimethoprim (oral/injection),adalimumab-aqvh (subcutaneous route)
361,,
362,benzoyl peroxide topical,
363,levothyroxine,ampicillin and sulbactam
364,telavancin,ixekizumab
365,cefazolin (injection),
366,pramoxine and hydrocortisone rectal foam,
367,vancomycin (oral route),adapalene and benzoyl peroxide (topical)
368,hydroxyurea,coal tar (topical route)
369,,trifarotene
370,,sulfamethoxazole and trimethoprim (oral route)
371,doxycycline,
372,,clascoterone topical
373,,benzoyl peroxide (topical route)
374,clascoterone topical,
375,caffeine and ergotamine (oral/rectal),magnesium hydroxide
376,cefazolin (injection route),rizatriptan
377,tetracycline,
378,,piperacillin and tazobactam
379,sulfur and salicylic acid shampoo,vancomycin (intravenous route)
380,hydrocortisone and pramoxine (topical/rectal),tigecycline
381,,minocycline (topical application route)
382,tazarotene topical,cefazolin (injection route)
383,,sulfamethoxazole and trimethoprim (oral/injection)
384,telavancin,almotriptan
385,,benzoyl peroxide and erythromycin topical
386,clindamycin and tretinoin (topical),
387,liothyronine (intravenous route),
388,sulfur and sulfacetamide cream and gel,tigecycline
389,cefazolin (injection route),
390,frovatriptan,thyroid desiccated
391,methylergonovine (oral and injection),
392,,
393,ethinyl estradiol and norethindrone (hrt),caffeine and ergotamine (oral/rectal)
394,sulfur and salicylic acid shampoo,adalimumab-bwwd (subcutaneous route)
395,spironolactone,cefoxitin
396,adalimumab-adaz (subcutaneous route),sulfamethoxazole and trimethoprim (oral route)
397,ceftaroline,infliximab-qbtx (intravenous route)
398,adapalene topical,erythromycin topical
399,minocycline (mucous membrane powder),hydrocortisone acetate and pramoxine hydrochloride
400,infliximab-qbtx (intravenous route),benzoyl peroxide and tretinoin
401,minocycline,
402,erythromycin and benzoyl peroxide,liothyronine (intravenous route)
403,procaine penicillin,
404,trifarotene topical,
405,,resorcinol (topical)
406,tretinoin topical,
407,oxacillin (injection),ixekizumab brand name: taltz
408,,tetracycline hydrochloride
409,sulfur and salicylic acid lotion,prednisolone
410,,methylergonovine (oral and injection)
411,benzoyl peroxide wash and cleanser,eletriptan
412,,azelaic acid topical
413,clobetasol topical,ceftazidime (injection)
414,,sulfur and salicylic acid soap
415,sumatriptan (injection),ergotamine and caffeine (oral route)
416,,adalimumab-bwwd (subcutaneous route)
417,,trifarotene topical
418,,
419,adalimumab-aqvh (subcutaneous route),dihydroergotamine (injection)
420,dihydroergotamine (injection),
421,coal tar and salicylic acid,sulfacetamide sodium and sulfur topical
422,clindamycin,sulfur and salicylic acid soap
423,betamethasone and calcipotriene topical,minocycline topical
424,,adapalene and benzoyl peroxide (topical)
425,prednisolone,aztreonam (injection)
426,telavancin,trifarotene topical
427,cefazolin (injection),
428,levothyroxine sodium,clascoterone
429,sulfamethoxazole and trimethoprim,
430,zolmitriptan,ustekinumab brand name: stelara
431,,clindamycin
432,calcipotriene,adalimumab-fkjp (subcutaneous route)
433,calcipotriene,sulfur topical
434,salicylic acid and sulfur (topical route),
435,pramoxine and hydrocortisone rectal cream,
436,anthralin (topical route),
437,minocycline (mucous membrane powder),methoxsalen (oral)
438,halobetasol topical,
439,,trifarotene topical
440,vancomycin (oral route),sulfacetamide sodium and sulfur
441,clobetasol topical,aztreonam (injection)
442,,
443,,benzoyl peroxide and hydrocortisone topical
444,secukinumab brand name: cosentyx,
445,,
446,,methotrexate (injection)
447,benzoyl peroxide/sulfur gel,adapalene topical
448,metronidazole (intravenous route),tetracycline
449,,ethinyl estradiol and norgestimate (oral route)
450,sarecycline,
451,brodalumab,metronidazole (oral/injection)
452,minocycline,benzoyl peroxide
453,acitretin,piperacillin and tazobactam
454,,celecoxib
455,salicylic acid (topical route),infliximab-abda
456,ethinyl estradiol and norgestimate (oral route),tildrakizumab
457,piperacillin,
458,sulfacetamide sodium and sulfur,cefotetan
459,,
460,,
461,cefazolin (injection),
462,doxycycline (oral route),
463,,metronidazole (oral/injection)
464,linezolid (oral/injection),cefotetan
465,ceftaroline,salicylic acid and sulfur (topical route)
466,,anthralin (topical route)
467,sulfamethoxazole and trimethoprim (oral route),clascoterone
468,,
469,cefotaxime,drospirenone and ethinyl estradiol
470,,ceftaroline
471,,ethinyl estradiol and norethindrone (hrt)
472,sulfur and salicylic acid lotion,zolmitriptan (oral)
473,erythromycin topical,lasmiditan
474,,
475,benzoyl peroxide and erythromycin topical,ertapenem
476,sulfur and salicylic acid soap,lefamulin (oral/injection)
477,,
478,ethinyl estradiol and norgestimate,
479,,almotriptan
480,ethinyl estradiol and norethindrone (hrt),
481,retapamulin topical,sulfamethoxazole and trimethoprim
482,ceftaroline,
483,ethinyl estradiol and norgestimate,diclofenac
484,calcipotriene,isotretinoin (systemic)
485,clindamycin (oral/injection),almotriptan
486,adalimumab-bwwd (subcutaneous route),thyroid desiccated
487,pramoxine and hydrocortisone rectal cream,betamethasone topical
488,clascoterone,
489,salicylic acid pads (acne),
490,erythromycin and benzoyl peroxide (topical route),hydrocortisone acetate and pramoxine hydrochloride
491,metronidazole,benzoyl peroxide (topical route)
492,sumatriptan (injection),benzoyl peroxide cream
493,,ertapenem
494,omadacycline (oral/injection),lasmiditan
495,,tetracycline hydrochloride
496,coal tar (topical route),erythromycin and benzoyl peroxide
497,,ethinyl estradiol and norethindrone (hrt)
498,,resorcinol (topical)
499,ethinyl estradiol and drospirenone,
500,sumatriptan (oral/nasal),
501,halobetasol topical,methotrexate (oral)
502,infliximab-axxq,levothyroxine (oral route)
503,aztreonam (inhalation),vancomycin (oral route)
504,cefotaxime,tacrolimus topical
505,,
506,tacrolimus topical,cefoxitin
507,hydrocortisone acetate and pramoxine hydrochloride,ethinyl estradiol and norethindrone (hrt)
508,sumatriptan (nasal route),ceftolozane and tazobactam
509,dihydroergotamine mesylate,tobramycin (inhalation)
510,ubrogepant,dihydroergotamine (injection route)
511,,hydrocortisone acetate and pramoxine hydrochloride
512,,lasmiditan brand name: reyvow
513,ixekizumab brand name: taltz,diclofenac
514,clobetasol topical,
515,minocycline (topical application route),bacitracin (injection)
516,benzoyl peroxide and hydrocortisone topical,
517,,
518,,
519,adalimumab-atto (subcutaneous route),drospirenone and ethinyl estradiol
520,salicylic acid (topical route),lasmiditan
521,sulfur topical,
522,levothyroxine,sulfamethoxazole and trimethoprim (oral)
523,guselkumab brand name: tremfya,benzoyl peroxide wash and cleanser
524,salicylic acid pads and plaster (corns),clascoterone
525,procaine penicillin,tacrolimus topical
526,salicylic acid pads and plaster (corns),infliximab-qbtx (intravenous route)
527,minocycline (topical application route),
528,benzoyl peroxide and clindamycin topical,benzoyl peroxide
529,resorcinol and sulfur (topical route),sulfur topical
530,naratriptan,benzoyl peroxide and clindamycin topical
531,,secukinumab brand name: cosentyx
532,doxycycline (oral route),
533,coal tar and salicylic acid,pramoxine and hydrocortisone foam
534,sulfamethoxazole and trimethoprim,calcipotriene
535,eletriptan,clindamycin and tretinoin (topical)
536,prednisolone,ustekinumab
537,,methotrexate (oral)
538,levothyroxine (oral/injection),sulfacetamide sodium and sulfur
539,calcipotriene topical,dihydroergotamine mesylate
540,,methotrexate (oral)
541,sulfur and salicylic acid soap,calcipotriene topical
542,clobetasol topical,zolmitriptan (oral)
543,,metronidazole (oral/injection)
544,doxycycline injection,dihydroergotamine (injection route)
545,,cefazolin (injection)
546,,cefoxitin
547,tildrakizumab,"aspirin, butalbital, and caffeine"
548,orphenadrine,minocycline (mucous membrane powder)
549,sulfacetamide sodium and sulfur,
550,pramoxine and hydrocortisone rectal foam,adalimumab-bwwd (subcutaneous route)
551,penicillin g sodium,clascoterone topical
552,adalimumab-aqvh (subcutaneous route),sulfur and salicylic acid soap
553,,caffeine and ergotamine (oral/rectal)
554,,retapamulin topical
555,calcipotriene,methylergonovine (oral and injection)
556,,
557,sulfur and salicylic acid soap,cefepime (injection)
558,,
559,aztreonam (injection),adalimumab-adbm (subcutaneous route)
560,cefotetan,clindamycin topical
561,lefamulin (oral/injection),infliximab-dyyb
562,cefazolin (injection route),sulfur and sulfacetamide foam
563,coal tar (topical route),ethinyl estradiol and norgestimate
564,eletriptan,sulfur topical
565,ceftaroline,
566,ethinyl estradiol and drospirenone,
567,,cefotetan
568,linezolid (oral/injection),betamethasone and calcipotriene topical
569,,ceftazidime (injection)
570,ampicillin and sulbactam,pramoxine and hydrocortisone rectal foam
571,bacitracin (injection),sulfur topical
572,frovatriptan,clindamycin
573,,minocycline
574,sulfamethoxazole and trimethoprim (oral),adalimumab
575,minocycline (topical application route),
576,ertapenem,piperacillin
577,pramoxine and hydrocortisone foam,adalimumab-bwwd (subcutaneous route)
578,minocycline (mucous membrane powder),hydrocortisone acetate and pramoxine hydrochloride
579,,
580,rizatriptan,
581,pramoxine and hydrocortisone foam,
582,,ixekizumab brand name: taltz
583,sulfamethoxazole and trimethoprim (oral/injection),ergotamine and caffeine suppositories
584,sumatriptan,secukinumab
585,clascoterone topical,clindamycin topical
586,methylergonovine (oral and injection),adalimumab-adbm (subcutaneous route)
587,,dihydroergotamine mesylate
588,erythromycin,ertapenem
589,salicylic acid topical,betamethasone and calcipotriene topical
590,,sulfacetamide sodium and sulfur topical
591,levothyroxine,
592,"aspirin, butalbital, and caffeine",ethinyl estradiol and norgestimate (oral route)
593,adalimumab-fkjp (subcutaneous route),benzoyl peroxide wash and cleanser
594,coal tar (topical route),coal tar topical
595,,piperacillin and tazobactam
596,tretinoin topical,tacrolimus topical
597,coal tar and salicylic acid,
598,tetracycline hydrochloride,dihydroergotamine mesylate
599,,amikacin (injection route)
600,,cefotetan
601,dihydroergotamine (nasal),penicillin v
602,sulfamethoxazole and trimethoprim (oral route),ubrogepant brand name: ubrelvy
603,halobetasol topical,caffeine and ergotamine (oral/rectal)
604,,tretinoin topical
605,,ampicillin and sulbactam
606,hydrocortisone and pramoxine (topical/rectal),ustekinumab brand name: stelara
607,ixekizumab,gentamicin
608,oxacillin (injection),vancomycin (intravenous route)
609,,ustekinumab brand name: stelara
610,ixekizumab,aztreonam (inhalation)
611,,
612,clindamycin (topical route),trifarotene topical
613,sulfur and salicylic acid shampoo,ubrogepant
614,adalimumab-bwwd (subcutaneous route),cephalexin
615,ceftaroline,resorcinol and sulfur (topical route)
616,,erythromycin and benzoyl peroxide (topical route)
617,nafcillin (injection),
618,retapamulin topical,ethinyl estradiol and norgestimate
619,sulfamethoxazole and trimethoprim (oral route),
620,ethinyl estradiol and norethindrone (hrt),
621,,acitretin
622,eletriptan,betamethasone and calcipotriene topical
623,,benzoyl peroxide and hydrocortisone topical
624,aztreonam (inhalation),diclofenac
625,adalimumab-adbm (subcutaneous route),sulfamethoxazole and trimethoprim (oral)
626,cefotaxime,amikacin
627,,betamethasone topical
628,delafloxacin (oral/injection),
629,hydrocortisone and pramoxine (topical/rectal),
630,levothyroxine sodium,risankizumab
631,adalimumab-bwwd (subcutaneous route),retin-a
632,,betamethasone and calcipotriene (topical application route)
633,,adalimumab-adbm (subcutaneous route)
634,,
635,,ethinyl estradiol and norgestimate (oral route)
636,benzoyl peroxide and erythromycin topical,metronidazole
637,betamethasone topical,
638,,vancomycin capsules
639,ubrogepant,
640,sulfacetamide sodium and sulfur,betamethasone and calcipotriene (topical application route)
641,cephalexin,
642,omadacycline (oral/injection),penicillin v
643,betamethasone and calcipotriene (topical application route),
644,prednisolone,halobetasol and tazarotene topical
645,,penicillin v potassium oral solution
646,,levothyroxine
647,ethinyl estradiol and drospirenone,
648,ergotamine and caffeine (oral route),
649,lefamulin (oral/injection),salicylic acid and sulfur (topical route)
650,clindamycin (topical route),ergotamine and caffeine (oral route)
651,,calcitriol (topical)
652,ixekizumab brand name: taltz,
653,minocycline (oral route),penicillin v
654,gentamicin,ubrogepant brand name: ubrelvy
655,,
656,,telavancin
657,doxycycline injection,sulfamethoxazole and trimethoprim
658,,lefamulin (oral/injection)
659,,tigecycline
660,halobetasol and tazarotene topical,secukinumab
661,methoxsalen (oral),erythromycin and benzoyl peroxide (topical route)
662,penicillin g potassium,ixekizumab
663,benzoyl peroxide topical,brodalumab
664,adalimumab-aqvh (subcutaneous route),
665,naproxen and sumatriptan,salicylic acid pads (acne)
666,,levothyroxine (oral/injection)
667,,betamethasone and calcipotriene topical
668,cefotetan,salicylic acid pads (acne)
669,,ethinyl estradiol and drospirenone
670,,sulfamethoxazole and trimethoprim (oral route)
671,,isotretinoin (systemic)
672,magnesium hydroxide,ustekinumab brand name: stelara
673,,benzoyl peroxide wash and cleanser
674,ampicillin and sulbactam,sulfur and sulfacetamide cream and gel
675,anthralin (topical route),ethinyl estradiol and drospirenone
676,procaine penicillin,rimegepant
677,tetracycline,sulfamethoxazole and trimethoprim (oral route)
678,infliximab-dyyb,penicillin g benzathine and penicillin g procaine
679,resorcinol and sulfur (topical route),
680,tretinoin topical,secukinumab
681,,retapamulin topical
682,ethinyl estradiol and norethindrone (hrt),ubrogepant brand name: ubrelvy
683,doxycycline,tretinoin topical
684,cefazolin (injection route),adalimumab-fkjp (subcutaneous route)
685,adapalene and benzoyl peroxide (topical),tetracycline
686,caffeine and ergotamine (oral/rectal),benzoyl peroxide
687,,minocycline (topical application route)
688,penicillin v,ceftolozane and tazobactam
689,adapalene and benzoyl peroxide (topical),clindamycin (topical route)
690,pramoxine and hydrocortisone rectal foam,clascoterone
691,,
692,adalimumab-aqvh (subcutaneous route),
693,aztreonam (inhalation),drospirenone and ethinyl estradiol
694,delafloxacin (oral/injection),anthralin (topical route)
695,cyclobenzaprine,ceftazidime (injection)
696,tetracycline,infliximab-dyyb
697,adalimumab-aqvh (subcutaneous route),minocycline (topical application route)
698,sulfur and sulfacetamide cream and gel,benzoyl peroxide/sulfur gel
699,linezolid (oral/injection),
700,adalimumab-aqvh (subcutaneous route),doxycycline injection
701,ixekizumab brand name: taltz,
702,,penicillin g potassium
703,adalimumab-bwwd (subcutaneous route),resorcinol (topical)
704,salicylic acid (topical route),sulfur and sulfacetamide cream and gel
705,metronidazole,nafcillin (injection)
706,frovatriptan,tetracycline
707,anthralin (topical route),salicylic acid pads (acne)
708,zolmitriptan,linezolid (oral/injection)
709,doxycycline,
710,hydrocortisone acetate and pramoxine hydrochloride,
711,zolmitriptan (oral),salicylic acid pads and plaster (corns)
712,eletriptan,
713,almotriptan,resorcinol (topical)
714,cefotetan,pramoxine and hydrocortisone foam
715,adalimumab-fkjp (subcutaneous route),ceftolozane and tazobactam
716,delafloxacin (oral/injection),adalimumab
717,,ceftazidime (injection)
718,sumatriptan (injection),pramoxine and hydrocortisone rectal cream
719,clindamycin (topical route),tigecycline
720,avibactam and ceftazidime,sulfamethoxazole and trimethoprim (oral/injection)
721,vancomycin (oral route),
722,adalimumab,zolmitriptan
723,,pramoxine and hydrocortisone foam
724,,minocycline (topical application route)
725,metronidazole (intravenous route),brodalumab
726,lasmiditan brand name: reyvow,erythromycin and benzoyl peroxide
727,naratriptan,
728,ixekizumab,delafloxacin (oral/injection)
729,cefoxitin,clindamycin and tretinoin (topical)
730,magnesium hydroxide,salicylic acid and sulfur (topical route)
731,pramoxine and hydrocortisone rectal cream,doxycycline injection
732,ergotamine,pramoxine and hydrocortisone rectal cream
733,adapalene and benzoyl peroxide (topical),vancomycin capsules
734,retapamulin topical,
735,pramoxine and hydrocortisone rectal cream,benzoyl peroxide and clindamycin topical
736,clobetasol topical,sulfur and sulfacetamide foam
737,,coal tar (topical route)
738,adalimumab-adaz (subcutaneous route),erythromycin
739,,
740,thyroid desiccated,tetracycline hydrochloride
741,sumatriptan (injection),
742,,
743,dapsone topical,infliximab-dyyb
744,,infliximab-dyyb
745,clobetasol topical,erythromycin and benzoyl peroxide (topical route)
746,benzoyl peroxide and clindamycin topical,azelaic acid topical
747,,adalimumab-bwwd (subcutaneous route)
748,rimegepant,
749,,tazarotene topical
750,ampicillin and sulbactam,benzoyl peroxide cream
751,ustekinumab,
752,,
753,nafcillin (injection),benzoyl peroxide wash and cleanser
754,methotrexate (injection),sumatriptan (injection)
755,salicylic acid and sulfur (topical route),adalimumab-aqvh (subcutaneous route)
756,adapalene and benzoyl peroxide (topical),retin-a
757,cefazolin (injection route),dapsone topical
758,hydrocortisone acetate and pramoxine hydrochloride,penicillin g sodium
759,salicylic acid pads and plaster (corns),tazarotene topical
760,retapamulin topical,trifarotene topical
761,,omadacycline (oral/injection)
762,,erythromycin topical
763,,infliximab-qbtx (intravenous route)
764,"aspirin, butalbital, and caffeine",
765,,salicylic acid and sulfur (topical route)
766,,benzoyl peroxide wash and cleanser
767,calcitriol (topical),benzoyl peroxide cream
768,secukinumab brand name: cosentyx,benzoyl peroxide and clindamycin topical
769,cephalexin,ixekizumab
770,piperacillin,
771,,coal tar topical
772,,methylergonovine (oral and injection)
773,risankizumab,nafcillin (injection)
774,benzoyl peroxide cream,
775,,tetracycline hydrochloride
776,levothyroxine sodium,trifarotene
777,adalimumab-adaz (subcutaneous route),cephalexin
778,ethinyl estradiol and norgestimate,
779,penicillin g potassium,
780,,betamethasone topical
781,clindamycin,methoxsalen (oral)
782,resorcinol (topical),nafcillin (injection)
783,linezolid (oral/injection),secukinumab
784,naproxen and sumatriptan,infliximab-abda
785,,thyroid desiccated
786,halobetasol topical,doxycycline (oral route)
787,sulfacetamide sodium and sulfur,
788,tildrakizumab,
789,,
790,,caffeine and ergotamine (oral/rectal)
791,retin-a,vancomycin (oral route)
792,lasmiditan brand name: reyvow,benzoyl peroxide (topical route)
793,,doxycycline
794,,tacrolimus topical
795,betamethasone and calcipotriene (topical application route),sulfamethoxazole and trimethoprim (oral)
796,,ethinyl estradiol and norgestimate (oral route)
797,,piperacillin and tazobactam
798,magnesium hydroxide,coal tar (topical route)
799,,benzoyl peroxide/sulfur gel
800,erythromycin,ethinyl estradiol and norgestimate
801,calcitriol (topical),
802,,
803,tobramycin (inhalation),minocycline
804,dapsone topical,erythromycin topical
805,aztreonam (injection),rizatriptan
806,,trifarotene
807,methylergonovine (oral and injection),benzoyl peroxide topical
808,vancomycin capsules,avibactam and ceftazidime
809,,halobetasol topical
810,adalimumab-afzb (subcutaneous route),naratriptan
811,bacitracin (injection),sulfur and salicylic acid lotion
812,ethinyl estradiol and norgestimate (oral route),
813,trifarotene,sulfur and salicylic acid soap
814,betamethasone topical,
815,avibactam and ceftazidime,
816,levothyroxine (oral route),dihydroergotamine mesylate
817,,liothyronine
818,ethinyl estradiol and norgestimate,betamethasone topical
819,adalimumab-fkjp (subcutaneous route),doxycycline tablets and capsules
820,,ustekinumab
821,liothyronine,adalimumab
822,levothyroxine sodium,sulfur topical
823,secukinumab brand name: cosentyx,
824,isotretinoin (systemic),benzoyl peroxide (topical route)
825,drospirenone and ethinyl estradiol,adalimumab-fkjp (subcutaneous route)
826,acitretin,adalimumab-aqvh (subcutaneous route)
827,adapalene topical,penicillin g sodium
828,benzoyl peroxide cream,benzoyl peroxide and salicylic acid (topical)
829,clobetasol topical,
830,,sulfacetamide sodium and sulfur
831,ubrogepant brand name: ubrelvy,
832,clascoterone topical,lasmiditan
833,ethinyl estradiol and norgestimate (oral route),avibactam and ceftazidime
834,ethinyl estradiol and drospirenone,doxycycline
835,benzoyl peroxide,pramoxine and hydrocortisone foam
836,sulfur and salicylic acid soap,
837,nafcillin (injection),sulfacetamide sodium and sulfur
838,telavancin,
839,anthralin (topical route),metronidazole (intravenous route)
840,,penicillin g potassium
841,,
842,ustekinumab brand name: stelara,ceftazidime (injection)
843,,vancomycin capsules
844,,piperacillin and tazobactam
845,benzoyl peroxide/sulfur gel,sulfamethoxazole and trimethoprim (oral/injection)
846,,sulfamethoxazole and trimethoprim (oral route)
847,rizatriptan,
848,,vancomycin capsules
849,sumatriptan (oral/nasal),
850,ubrogepant brand name: ubrelvy,salicylic acid pads (acne)
851,,
852,,adalimumab-bwwd (subcutaneous route)
853,guselkumab brand name: tremfya,doxycycline injection
854,tildrakizumab,sumatriptan (injection)
855,trifarotene topical,sulfur and sulfacetamide cream and gel
856,clindamycin,amikacin (injection route)
857,,sulfur and sulfacetamide cream and gel
858,almotriptan,salicylic acid and sulfur (topical route)
859,clindamycin topical,infliximab-dyyb
860,guselkumab brand name: tremfya,calcipotriene
861,sulfamethoxazole and trimethoprim (oral),
862,infliximab-axxq,zolmitriptan
863,,adalimumab-adbm (subcutaneous route)
864,benzoyl peroxide (topical route),minocycline topical
865,calcitriol (topical),adalimumab-bwwd (subcutaneous route)
866,,guselkumab brand name: tremfya
867,piperacillin,clindamycin
868,sulfur and salicylic acid soap,spironolactone
869,risankizumab,salicylic acid pads (acne)
870,benzoyl peroxide pads with vitamin e capsules,
871,,pramoxine and hydrocortisone rectal cream
872,,cefotetan
873,guselkumab,
874,,
875,liothyronine,linezolid (oral/injection)
876,hydroxyurea,acitretin
877,,infliximab-abda
878,lefamulin (oral/injection),
879,cefepime (injection),salicylic acid (topical route)
880,,adalimumab-afzb (subcutaneous route)
881,benzoyl peroxide and tretinoin,minocycline (topical application route)
882,delafloxacin (oral/injection),vancomycin (oral)
883,piperacillin and tazobactam,lefamulin (oral/injection)
884,salicylic acid topical,penicillin g sodium
885,coal tar and salicylic acid,almotriptan
886,coal tar (topical route),sulfamethoxazole and trimethoprim
887,secukinumab,benzoyl peroxide and hydrocortisone topical
888,,isotretinoin (oral)
889,magnesium hydroxide,adalimumab-bwwd (subcutaneous route)
890,zolmitriptan (oral),hydroxyurea
891,,naratriptan
892,dihydroergotamine (injection route),lasmiditan brand name: reyvow
893,ergotamine and caffeine suppositories,
894,,ubrogepant
895,,ampicillin and sulbactam
896,,cefotetan
897,coal tar and salicylic acid,sulfur and sulfacetamide foam
898,,
899,,penicillin g benzathine and penicillin g procaine
900,ethinyl estradiol and norethindrone (hrt),isotretinoin (oral)
901,sulfamethoxazole and trimethoprim,benzoyl peroxide and clindamycin topical
902,zolmitriptan,
903,,doxycycline (oral route)
904,,sumatriptan (oral/nasal)
905,isotretinoin (systemic),
906,,coal tar (topical route)
907,sulfur and sulfacetamide foam,sulfacetamide sodium and sulfur
908,ethinyl estradiol and norgestimate (oral route),ethinyl estradiol and norethindrone (hrt)
909,spironolactone,
910,infliximab-qbtx (intravenous route),isotretinoin (systemic)
911,calcipotriene,tacrolimus topical
912,benzoyl peroxide and erythromycin topical,magnesium hydroxide
913,almotriptan,naproxen and sumatriptan
914,methotrexate (oral),sulfamethoxazole and trimethoprim (oral)
915,,liothyronine (intravenous route)
916,adalimumab-fkjp (subcutaneous route),benzoyl peroxide and tretinoin
917,aztreonam (inhalation),hydrocortisone acetate and pramoxine hydrochloride
918,minocycline,
919,ergotamine and caffeine suppositories,liothyronine
920,cyclobenzaprine,magnesium hydroxide
921,benzoyl peroxide and salicylic acid (topical),cephalexin
922,brodalumab,sulfamethoxazole and trimethoprim (oral route)
923,penicillin g sodium,trifarotene topical
924,trifarotene topical,
925,ethinyl estradiol and norgestimate (oral route),hydrocortisone and pramoxine (topical/rectal)
926,,caffeine and ergotamine (oral/rectal)
927,penicillin g benzathine and penicillin g procaine,piperacillin and tazobactam
928,sulfacetamide sodium and sulfur topical,pramoxine and hydrocortisone rectal foam
929,,
930,cefepime (injection),risankizumab
931,liothyronine,
932,,betamethasone topical
933,sulfur and sulfacetamide cream and gel,anthralin (topical route)
934,sulfacetamide sodium and sulfur,erythromycin
935,isotretinoin (systemic),retin-a
936,infliximab-dyyb,
937,delafloxacin (oral/injection),rizatriptan
938,,
939,clindamycin (oral/injection),salicylic acid pads (acne)
940,vancomycin (oral),ethinyl estradiol and norethindrone (hrt)
941,procaine penicillin,brodalumab
942,calcitriol (topical),ampicillin and sulbactam
943,,tetracycline hydrochloride
944,zolmitriptan,risankizumab
945,methylergonovine (oral and injection),guselkumab brand name: tremfya
946,pramoxine and hydrocortisone rectal foam,adalimumab-adbm (subcutaneous route)
947,acitretin,liothyronine (intravenous route)
948,,halobetasol and tazarotene topical
949,,doxycycline (oral route)
950,vancomycin capsules,sumatriptan (oral/nasal)
951,sulfamethoxazole and trimethoprim (oral/injection),trifarotene
952,minocycline topical,
953,vancomycin (intravenous route),betamethasone and calcipotriene topical
954,tobramycin (inhalation),
955,telavancin,sumatriptan (nasal route)
956,erythromycin,minocycline (oral route)
957,ustekinumab brand name: stelara,levothyroxine (oral/injection)
958,,erythromycin and benzoyl peroxide (topical route)
959,adalimumab-adbm (subcutaneous route),vancomycin (oral route)
960,,salicylic acid pads (acne)
961,,prednisolone
962,benzoyl peroxide and hydrocortisone topical,
963,ethinyl estradiol and drospirenone,minocycline topical
964,minocycline topical,cyclosporine (oral route)
965,isotretinoin (systemic),sumatriptan (injection)
966,cefazolin (injection route),prednisolone
967,tigecycline,magnesium hydroxide suspension
968,,
969,telavancin,sumatriptan (oral/nasal)
970,minocycline topical,sulfamethoxazole and trimethoprim (oral/injection)
971,hydrocortisone acetate and pramoxine hydrochloride,erythromycin and benzoyl peroxide (topical route)
972,hydrocortisone acetate and pramoxine hydrochloride,azelaic acid topical
973,penicillin v potassium oral solution,erythromycin
974,sarecycline,doxycycline (oral route)
975,coal tar topical,ertapenem
976,,tretinoin topical
977,almotriptan,sulfamethoxazole and trimethoprim (oral route)
978,,lasmiditan brand name: reyvow
979,clascoterone topical,retapamulin topical
980,doxycycline (oral route),sulfur and sulfacetamide cream and gel
981,,cefotaxime
982,,liothyronine (intravenous route)
983,salicylic acid pads (acne),clascoterone
984,metronidazole,benzoyl peroxide and tretinoin
985,erythromycin and benzoyl peroxide (topical route),adalimumab-adbm (subcutaneous route)
986,,infliximab-qbtx (intravenous route)
987,infliximab-axxq,salicylic acid pads and plaster (corns)
988,methylergonovine (oral and injection),
989,dihydroergotamine (injection route),adalimumab-adbm (subcutaneous route)
990,,coal tar (topical route)
991,guselkumab,
992,,benzoyl peroxide
993,trifarotene,
994,,calcitriol (topical)
995,betamethasone topical,erythromycin topical
996,adalimumab-atto (subcutaneous route),cefazolin (injection)
997,clindamycin (oral route),
998,sumatriptan (nasal route),caffeine and ergotamine (oral/rectal)
999,,piperacillin
1000,coal tar topical,
1001,resorcinol (topical),tobramycin (inhalation)
1002,hydrocortisone and pramoxine (topical/rectal),nafcillin (injection)
1003,,sulfamethoxazole and trimethoprim
1004,halobetasol topical,minocycline topical
1005,,liothyronine (intravenous route)
1006,,
1007,sumatriptan (oral/nasal),infliximab-axxq
1008,sulfur and sulfacetamide foam,benzoyl peroxide and salicylic acid (topical)
1009,benzoyl peroxide topical,halobetasol and tazarotene topical
